,RUN,N_COMPONENTS,TOPICS_THRESHOLD,NEIGHBORS,QUANTILE_THRESHOLD,orig_avg_accuracy,nmf_avg_accuracy,lda_avg_accuracy,lda_w2v_avg_accuracy,nmf_avg_tags_number_accuracy,lda_avg_tags_number_accuracy,lda_w2v_avg_tags_number_accuracy,nmf_global_accuracy,lda_global_accuracy,lda_global_avg_accuracy,orig_med_accuracy,nmf_med_accuracy,lda_med_accuracy,lda_w2v_med_accuracy,orig_avg_tags_number,nmf_avg_tags_number,lda_avg_tags_number,lda_w2v_avg_tags_number,orig_med_tags_number,nmf_med_tags_number,lda_med_tags_number,lda_w2v_med_tags_number
0,0,10,0.05,5,0.75,0.5321383647798742,0.5988301886792452,0.5675723270440252,0.694062893081761,0.5139891174413015,0.5146692886272026,0.4845796201797059,0.5705498315999306,0.5499379809050843,0.6242351354477426,0.5321383647798742,0.5988301886792452,0.5675723270440252,0.694062893081761,2.1192452830188677,8.488301886792453,7.202264150943396,10.054339622641509,2.0,8.0,7.0,9.0
1,1,10,0.05,5,0.8,0.5321383647798742,0.5936100628930817,0.566503144654088,0.678943396226415,0.5284749368993691,0.5170450740324193,0.5075512239470943,0.5718983542285109,0.5500171211135317,0.621812672133308,0.5321383647798742,0.5936100628930817,0.566503144654088,0.678943396226415,2.1192452830188677,7.790188679245283,7.038490566037736,8.775094339622642,2.0,7.0,7.0,8.0
2,2,10,0.05,10,0.75,0.5321383647798742,0.6193459119496856,0.6049308176100628,0.7178616352201258,0.46760497199876494,0.4622717252053301,0.44614543908545184,0.568765598632712,0.5573777868084853,0.6272895698419011,0.5321383647798742,0.6193459119496856,0.6049308176100628,0.7178616352201258,2.1192452830188677,11.935849056603773,11.448301886792454,14.555471698113207,2.0,11.0,11.0,14.0
3,3,10,0.05,10,0.8,0.5321383647798742,0.6110440251572327,0.6028553459119497,0.7022264150943397,0.48332014850947985,0.4659554039317169,0.4605676047432226,0.5684693996079817,0.5572220319185387,0.621673478310634,0.5321383647798742,0.6110440251572327,0.6028553459119497,0.7022264150943397,2.1192452830188677,10.407547169811322,11.02188679245283,12.405283018867925,2.0,10.0,11.0,12.0
4,4,10,0.05,15,0.75,0.5321383647798742,0.6352830188679245,0.6194968553459119,0.7326037735849056,0.44631945073040163,0.4344412763243191,0.4304663841956292,0.5722951628220835,0.5578116623387143,0.6318913104551468,0.5321383647798742,0.6352830188679245,0.6194968553459119,0.7326037735849056,2.1192452830188677,14.52377358490566,15.326792452830189,17.677735849056603,2.0,14.0,16.0,17.0
5,5,10,0.05,15,0.8,0.5321383647798742,0.6243144654088051,0.6167295597484277,0.7176100628930817,0.4581622640978755,0.4383658436870797,0.44242669897464754,0.5689303983051619,0.5572749877279783,0.6258822749202703,0.5321383647798742,0.6243144654088051,0.6167295597484277,0.7176100628930817,2.1192452830188677,12.644528301886792,14.716981132075471,14.862641509433962,2.0,12.0,16.0,14.0
6,6,10,0.05,20,0.75,0.5321383647798742,0.6538993710691825,0.6475597484276729,0.7418238993710692,0.43075282459535014,0.4180886811524031,0.42147793662310057,0.5795171889112384,0.5710693926692497,0.635041911788413,0.5321383647798742,0.6538993710691825,0.6475597484276729,0.7418238993710692,2.1192452830188677,16.969811320754715,19.476226415094338,19.93433962264151,2.0,16.0,21.0,19.0
7,7,10,0.05,20,0.8,0.5321383647798742,0.6444025157232703,0.6452704402515723,0.7264779874213836,0.44134344382720503,0.42077812090936123,0.43000166710235804,0.5767161584245819,0.5704396671375019,0.6276525473150417,0.5321383647798742,0.6444025157232703,0.6452704402515723,0.7264779874213836,2.1192452830188677,14.593207547169811,18.521509433962265,16.804528301886794,2.0,14.0,20.0,16.0
8,8,10,0.1,5,0.75,0.5321383647798742,0.596880503144654,0.5622264150943397,0.6640754716981132,0.5314473358923016,0.5326985232082045,0.5114540790001076,0.5750694473938699,0.552383784465628,0.6132016741321114,0.5321383647798742,0.596880503144654,0.5622264150943397,0.6640754716981132,2.1192452830188677,7.553962264150943,6.673962264150943,8.344150943396226,2.0,7.0,7.0,8.0
9,9,10,0.1,5,0.8,0.5321383647798742,0.5875723270440252,0.5614716981132076,0.6480754716981132,0.5473090915236852,0.5352096324955914,0.5342358765973461,0.5741512485372452,0.5527176762406688,0.6101289399978574,0.5321383647798742,0.5875723270440252,0.5614716981132076,0.6480754716981132,2.1192452830188677,6.957735849056604,6.53811320754717,7.313207547169811,2.0,7.0,7.0,7.0
10,10,10,0.1,10,0.75,0.5321383647798742,0.6083396226415094,0.5968805031446541,0.6838490566037735,0.4900277810848439,0.48429436778616897,0.47222415690456593,0.5689023421226209,0.5593517913584924,0.6133074233707043,0.5321383647798742,0.6083396226415094,0.5968805031446541,0.6838490566037735,2.1192452830188677,10.126037735849057,10.332075471698113,11.464905660377358,2.0,10.0,11.0,11.0
11,11,10,0.1,10,0.8,0.5321383647798742,0.5999748427672955,0.596251572327044,0.6693207547169812,0.5054726857587345,0.4873538493300235,0.4878711656724807,0.5684741237644418,0.5599523313280371,0.6088375583688143,0.5321383647798742,0.5999748427672955,0.596251572327044,0.6693207547169812,2.1192452830188677,8.993962264150943,10.012075471698113,9.889056603773584,2.0,8.0,11.0,9.0
12,12,10,0.1,15,0.75,0.5321383647798742,0.6260125786163522,0.6109056603773585,0.6901761006289309,0.4651360799025761,0.4555605397015953,0.45278931465648753,0.5723870790450934,0.5591239534854374,0.6110471719714498,0.5321383647798742,0.6260125786163522,0.6109056603773585,0.6901761006289309,2.1192452830188677,12.172075471698113,13.766792452830188,13.486037735849056,2.0,11.0,16.0,13.0
13,13,10,0.1,15,0.8,0.5321383647798742,0.6124276729559749,0.60937106918239,0.6786037735849056,0.47818710722087,0.45920200468378136,0.46496227494725473,0.5676808177109399,0.5593147143495205,0.6073899407056887,0.5321383647798742,0.6124276729559749,0.60937106918239,0.6786037735849056,2.1192452830188677,10.546415094339622,13.211320754716981,11.553962264150943,2.0,10.0,15.0,11.0
14,14,10,0.1,20,0.75,0.5321383647798742,0.6373584905660378,0.6366163522012579,0.7028176100628931,0.447903905016123,0.4369973608676511,0.44081326847200614,0.5742069620493995,0.570076688423389,0.6154828295325975,0.5321383647798742,0.6373584905660378,0.6366163522012579,0.7028176100628931,2.1192452830188677,13.835471698113208,17.20679245283019,15.038490566037735,2.0,13.0,20.0,14.0
15,15,10,0.1,20,0.8,0.5321383647798742,0.6245031446540881,0.6360880503144655,0.6906163522012579,0.4621999995250668,0.43972803059172294,0.45454050724270156,0.5704020962777476,0.5706347104068846,0.6119244038817392,0.5321383647798742,0.6245031446540881,0.6360880503144655,0.6906163522012579,2.1192452830188677,11.928301886792452,16.523018867924527,12.73056603773585,2.0,11.0,19.0,12.0
16,16,10,0.15000000000000002,5,0.75,0.5321383647798742,0.5929559748427673,0.5597735849056604,0.6503396226415095,0.5478665828578704,0.544396970254871,0.5323447930123777,0.5779261775144683,0.5546480466887306,0.6110080127651322,0.5321383647798742,0.5929559748427673,0.5597735849056604,0.6503396226415095,2.1192452830188677,6.968301886792453,6.28377358490566,7.390943396226415,2.0,7.0,6.0,7.0
17,17,10,0.15000000000000002,5,0.8,0.5321383647798742,0.5840251572327043,0.5593962264150943,0.6355345911949685,0.5638122360202076,0.5453196706093915,0.5510725717186471,0.5772875168285387,0.5547040411465267,0.6073805847028614,0.5321383647798742,0.5840251572327043,0.5593962264150943,0.6355345911949685,2.1192452830188677,6.422641509433962,6.2181132075471695,6.579622641509434,2.0,6.0,6.0,6.0
18,18,10,0.15000000000000002,10,0.75,0.5321383647798742,0.6004905660377359,0.5924779874213836,0.6645408805031446,0.5079557797145907,0.5014126347705666,0.49096272840547756,0.5696456372633542,0.5621228698711113,0.606681496470589,0.5321383647798742,0.6004905660377359,0.5924779874213836,0.6645408805031446,2.1192452830188677,8.965283018867925,9.539622641509434,9.695094339622642,2.0,8.0,11.0,9.0
19,19,10,0.15000000000000002,10,0.8,0.5321383647798742,0.5914339622641509,0.5924779874213836,0.6531320754716982,0.5248434619654728,0.5028190704639655,0.5074881377166013,0.5692371288312582,0.5625916817689108,0.6045840962199992,0.5321383647798742,0.5914339622641509,0.5924779874213836,0.6531320754716982,2.1192452830188677,7.967547169811321,9.409056603773585,8.470943396226415,2.0,7.0,11.0,8.0
20,20,10,0.15000000000000002,15,0.75,0.5321383647798742,0.6112704402515724,0.6051823899371069,0.6706792452830189,0.48233422682028704,0.4776206141289108,0.4693498065644743,0.5682917024411439,0.5626617980010415,0.6035694323768374,0.5321383647798742,0.6112704402515724,0.6051823899371069,0.6706792452830189,2.1192452830188677,10.581132075471698,12.710188679245283,11.164528301886792,2.0,10.0,15.0,11.0
21,21,10,0.15000000000000002,15,0.8,0.5321383647798742,0.6012075471698113,0.6040503144654088,0.6612452830188679,0.4970071408032637,0.48074810775608606,0.4839243217422291,0.5664740783809621,0.5629495788956346,0.6021382959266549,0.5321383647798742,0.6012075471698113,0.6040503144654088,0.6612452830188679,2.1192452830188677,9.221132075471699,12.276226415094339,9.772075471698113,2.0,8.0,14.0,9.0
22,22,10,0.15000000000000002,20,0.75,0.5321383647798742,0.6243522012578616,0.6310440251572327,0.683446540880503,0.46440064105519846,0.4577922075503375,0.45611437438453595,0.5710350145236406,0.5732934192882676,0.607669152048514,0.5321383647798742,0.6243522012578616,0.6310440251572327,0.683446540880503,2.1192452830188677,11.748679245283018,15.790188679245283,12.382641509433963,2.0,11.0,20.0,12.0
23,23,10,0.15000000000000002,20,0.8,0.5321383647798742,0.6151069182389937,0.6292578616352201,0.6714088050314466,0.47768444190655784,0.4605725971907067,0.473597697986536,0.5692994261281817,0.5730294401537156,0.6054717693498097,0.5321383647798742,0.6151069182389937,0.6292578616352201,0.6714088050314466,2.1192452830188677,10.375094339622642,15.286037735849057,10.587169811320754,2.0,10.0,18.0,10.0
24,24,10,0.2,5,0.75,0.5321383647798742,0.5877358490566038,0.5590817610062893,0.6305031446540881,0.5642143657389842,0.5514623619391622,0.547419087500565,0.5798953546173973,0.5565419613172469,0.6028084589362471,0.5321383647798742,0.5877358490566038,0.5590817610062893,0.6305031446540881,2.1192452830188677,6.470188679245283,6.082264150943396,6.771320754716981,2.0,6.0,6.0,6.0
25,25,10,0.2,5,0.8,0.5321383647798742,0.5813836477987421,0.5587044025157233,0.6278364779874214,0.5762295615812365,0.5522214893564582,0.5625409813829786,0.5796656190595736,0.556543431462635,0.606071312452607,0.5321383647798742,0.5813836477987421,0.5587044025157233,0.6278364779874214,2.1192452830188677,6.0347169811320756,6.033207547169812,6.218867924528302,2.0,6.0,6.0,6.0
26,26,10,0.2,10,0.75,0.5321383647798742,0.5928176100628931,0.5909685534591195,0.6468176100628931,0.5242332914340724,0.5107542121819163,0.506090959311344,0.5699561705199528,0.5642304397000517,0.5999087264790434,0.5321383647798742,0.5928176100628931,0.5909685534591195,0.6468176100628931,2.1192452830188677,8.166792452830189,9.247547169811321,8.790943396226416,2.0,7.0,11.0,8.0
27,27,10,0.2,10,0.8,0.5321383647798742,0.5861509433962264,0.5909685534591195,0.6355220125786163,0.5388046586700196,0.5121329080223364,0.5238713742212036,0.5703688484874908,0.5646900049801918,0.5983051331261454,0.5321383647798742,0.5861509433962264,0.5909685534591195,0.6355220125786163,2.1192452830188677,7.403018867924528,9.128301886792453,7.746415094339623,2.0,7.0,11.0,7.0
28,28,10,0.2,15,0.75,0.5321383647798742,0.6048553459119498,0.6031698113207548,0.655182389937107,0.49971931192545593,0.4876378365305211,0.48976419506490987,0.5698100012497852,0.5646591530573436,0.6000429916463746,0.5321383647798742,0.6048553459119498,0.6031698113207548,0.655182389937107,2.1192452830188677,9.360754716981132,12.18867924528302,9.879245283018868,2.0,8.0,15.0,9.0
29,29,10,0.2,15,0.8,0.5321383647798742,0.5927169811320754,0.6022893081761006,0.6411572327044025,0.5156276953550302,0.4895774335719444,0.5043975748227076,0.567020552539727,0.5647186833080485,0.5955706800771708,0.5321383647798742,0.5927169811320754,0.6022893081761006,0.6411572327044025,2.1192452830188677,8.210566037735848,11.837735849056603,8.636981132075471,2.0,8.0,14.0,8.0
30,30,10,0.2,20,0.75,0.5321383647798742,0.616930817610063,0.6261383647798742,0.661496855345912,0.4836699879701055,0.47357197027212045,0.4737636112211541,0.5725105410634105,0.5752828999439562,0.598919107304326,0.5321383647798742,0.616930817610063,0.6261383647798742,0.661496855345912,2.1192452830188677,10.328301886792453,14.91622641509434,10.846792452830188,2.0,10.0,18.0,10.0
31,31,10,0.2,20,0.8,0.5321383647798742,0.6095723270440252,0.6253207547169811,0.651308176100629,0.4970651937675804,0.47575600806662727,0.4910354051457294,0.5720699492852103,0.5754658391668631,0.5978839191156625,0.5321383647798742,0.6095723270440252,0.6253207547169811,0.651308176100629,2.1192452830188677,9.2,14.566792452830189,9.341886792452831,2.0,8.0,17.0,9.0
32,32,10,0.25,5,0.75,0.5321383647798742,0.5842138364779874,0.5580754716981132,0.6169559748427673,0.5722782147755231,0.5601918089494964,0.5598286649776143,0.5802352959104993,0.5587809174485743,0.5979135382210496,0.5321383647798742,0.5842138364779874,0.5580754716981132,0.6169559748427673,2.1192452830188677,6.133584905660378,5.852075471698114,6.2686792452830185,2.0,6.0,6.0,6.0
33,33,10,0.25,5,0.8,0.5321383647798742,0.5769811320754717,0.5576981132075473,0.6042515723270441,0.5857238694633463,0.5610706261055076,0.5745330545454878,0.5798953778714299,0.5588222841735341,0.594345399733192,0.5321383647798742,0.5769811320754717,0.5576981132075473,0.6042515723270441,2.1192452830188677,5.72,5.801509433962265,5.744905660377358,2.0,5.0,6.0,5.0
34,34,10,0.25,10,0.75,0.5321383647798742,0.5897987421383648,0.5898364779874213,0.6305911949685534,0.5370116737658805,0.5211324404371084,0.5213229857447627,0.57220305268087,0.566935132137317,0.5941684585606232,0.5321383647798742,0.5897987421383648,0.5898364779874213,0.6305911949685534,2.1192452830188677,7.603018867924528,8.80377358490566,7.909433962264151,2.0,7.0,11.0,8.0
35,35,10,0.25,10,0.8,0.5321383647798742,0.5838867924528302,0.5894591194968554,0.6210314465408805,0.5515826829592536,0.5228850074116297,0.5387651487743095,0.5731187559549713,0.5672677488017802,0.5936093472853569,0.5321383647798742,0.5838867924528302,0.5894591194968554,0.6210314465408805,2.1192452830188677,6.929056603773585,8.670188679245284,7.039245283018868,2.0,6.0,11.0,7.0
36,36,10,0.25,15,0.75,0.5321383647798742,0.597748427672956,0.6004025157232704,0.6358113207547169,0.5155519083439135,0.5006422553540334,0.5034271700657045,0.5703495878966085,0.5671490956001914,0.5916832705250461,0.5321383647798742,0.597748427672956,0.6004025157232704,0.6358113207547169,2.1192452830188677,8.528301886792454,11.350188679245283,8.837735849056603,2.0,8.0,14.0,9.0
37,37,10,0.25,15,0.8,0.5321383647798742,0.587748427672956,0.5991446540880503,0.6283270440251572,0.5309008064968043,0.5028176038158587,0.5217097429468306,0.5687992206142387,0.5670356373306531,0.592787943665715,0.5321383647798742,0.587748427672956,0.5991446540880503,0.6283270440251572,2.1192452830188677,7.581132075471698,11.13811320754717,7.690566037735849,2.0,7.0,13.0,7.0
38,38,10,0.25,20,0.75,0.5321383647798742,0.6117735849056604,0.6194465408805031,0.6444528301886793,0.49788123898196857,0.48702762943595773,0.4911992621381014,0.5738094695977631,0.5753069037323213,0.5933683075051533,0.5321383647798742,0.6117735849056604,0.6194465408805031,0.6444528301886793,2.1192452830188677,9.375849056603773,13.732830188679245,9.49811320754717,2.0,8.0,16.0,9.0
39,39,10,0.25,20,0.8,0.5321383647798742,0.6022767295597484,0.618817610062893,0.6352075471698114,0.5102499416923567,0.48807386957232374,0.5093519796986167,0.5716011336039512,0.5752363632327032,0.5932556913460799,0.5321383647798742,0.6022767295597484,0.618817610062893,0.6352075471698114,2.1192452830188677,8.50867924528302,13.48,8.238490566037736,2.0,8.0,15.0,8.0
40,40,10,0.3,5,0.75,0.5321383647798742,0.58,0.5567547169811321,0.6051572327044026,0.5834597634911074,0.5716222384760081,0.5667901560223038,0.5811532544970358,0.5617105574794241,0.592368207143703,0.5321383647798742,0.58,0.5567547169811321,0.6051572327044026,2.1192452830188677,5.780377358490566,5.6407547169811325,5.9441509433962265,2.0,5.0,6.0,6.0
41,41,10,0.3,5,0.8,0.5321383647798742,0.5757232704402515,0.5567547169811321,0.5938364779874213,0.5971850638969429,0.5719897153062891,0.5829958174886929,0.582877201592482,0.5618330497561844,0.5902229244878452,0.5321383647798742,0.5757232704402515,0.5567547169811321,0.5938364779874213,2.1192452830188677,5.447547169811321,5.608301886792453,5.5403773584905665,2.0,5.0,6.0,5.0
42,42,10,0.3,10,0.75,0.5321383647798742,0.5845157232704402,0.5875094339622642,0.6144905660377358,0.5513204845434421,0.5383165087725782,0.5393283887505302,0.5734506436947742,0.5711117922323689,0.5894365069420006,0.5321383647798742,0.5845157232704402,0.5875094339622642,0.6144905660377358,2.1192452830188677,7.067924528301887,8.27245283018868,7.100377358490566,2.0,6.0,11.0,7.0
43,43,10,0.3,10,0.8,0.5321383647798742,0.5806792452830188,0.5873207547169812,0.607069182389937,0.5640440663966434,0.5390444146576063,0.5548286281635102,0.575134185654227,0.5712286413638562,0.5896556643144614,0.5321383647798742,0.5806792452830188,0.5873207547169812,0.607069182389937,2.1192452830188677,6.506415094339623,8.213584905660378,6.471698113207547,2.0,6.0,10.0,6.0
44,44,10,0.3,15,0.75,0.5321383647798742,0.5922767295597484,0.596691823899371,0.6207169811320755,0.5290216305061218,0.5171653592971908,0.5189229444199787,0.5711916965418729,0.5701830023653109,0.5867856355613766,0.5321383647798742,0.5922767295597484,0.596691823899371,0.6207169811320755,2.1192452830188677,7.766037735849056,10.47622641509434,7.8233962264150945,2.0,7.0,13.0,8.0
45,45,10,0.3,15,0.8,0.5321383647798742,0.5847924528301887,0.596691823899371,0.606817610062893,0.5400810371593059,0.5184086697701337,0.5345400110003736,0.5698886476065611,0.5705974391896252,0.5827250770420532,0.5321383647798742,0.5847924528301887,0.596691823899371,0.606817610062893,2.1192452830188677,7.123018867924528,10.308679245283018,7.009811320754717,2.0,6.0,12.0,7.0
46,46,10,0.3,20,0.75,0.5321383647798742,0.6027798742138365,0.6123144654088051,0.6207798742138364,0.5101019510738215,0.5042125530480404,0.5069229315423917,0.5718872331671648,0.5762804946218835,0.5828275599900214,0.5321383647798742,0.6027798742138365,0.6123144654088051,0.6207798742138364,2.1192452830188677,8.57132075471698,12.450566037735848,8.318490566037736,2.0,8.0,14.0,8.0
47,47,10,0.3,20,0.8,0.5321383647798742,0.5949182389937107,0.611748427672956,0.6141761006289308,0.5224286186977155,0.5058453393463956,0.5233260118960122,0.5707550322283789,0.5764473982307692,0.5838927377179579,0.5321383647798742,0.5949182389937107,0.611748427672956,0.6141761006289308,2.1192452830188677,7.809811320754717,12.261132075471698,7.3690566037735845,2.0,7.0,14.0,7.0
48,48,10,0.35000000000000003,5,0.75,0.5321383647798742,0.5772327044025157,0.556251572327044,0.5997232704402515,0.5907522451014788,0.5725866602748314,0.5746303947972903,0.5817392179688368,0.5616966016429732,0.5913589785592644,0.5321383647798742,0.5772327044025157,0.556251572327044,0.5997232704402515,2.1192452830188677,5.550188679245283,5.582641509433962,5.786415094339622,2.0,5.0,6.0,6.0
49,49,10,0.35000000000000003,5,0.8,0.5321383647798742,0.5742767295597484,0.556251572327044,0.5968930817610063,0.602724596210099,0.5729634238503853,0.5909196392032615,0.5837593517765319,0.5618221895014911,0.594901934241758,0.5321383647798742,0.5742767295597484,0.556251572327044,0.5968930817610063,2.1192452830188677,5.243018867924528,5.551698113207547,5.407547169811321,2.0,5.0,6.0,5.0
50,50,10,0.35000000000000003,10,0.75,0.5321383647798742,0.581874213836478,0.5861257861635221,0.6081383647798742,0.5641195813416515,0.5420188594156845,0.5484080966107924,0.5759560030048692,0.5714234772475763,0.5882282753901803,0.5321383647798742,0.581874213836478,0.5861257861635221,0.6081383647798742,2.1192452830188677,6.603018867924528,8.089056603773585,6.804528301886792,2.0,6.0,10.0,7.0
51,51,10,0.35000000000000003,10,0.8,0.5321383647798742,0.5750188679245283,0.585685534591195,0.5997106918238992,0.5769697209830985,0.5428096140628128,0.5590212408092317,0.575669152277385,0.5713935610817343,0.5861475414856767,0.5321383647798742,0.5750188679245283,0.585685534591195,0.5997106918238992,2.1192452830188677,6.110188679245283,8.027924528301886,6.280754716981132,2.0,5.0,10.0,6.0
52,52,10,0.35000000000000003,15,0.75,0.5321383647798742,0.5861761006289309,0.5946792452830189,0.6136100628930817,0.5428565384129245,0.5236542247624202,0.5317934268174455,0.5717362465569288,0.5710042384428192,0.5863378508678697,0.5321383647798742,0.5861761006289309,0.5946792452830189,0.6136100628930817,2.1192452830188677,7.1562264150943395,10.116981132075471,7.320754716981132,2.0,6.0,12.0,7.0
53,53,10,0.35000000000000003,15,0.8,0.5321383647798742,0.5810817610062893,0.5946792452830189,0.6014716981132076,0.5519735232098921,0.5244254132281042,0.546155719477981,0.5713790150741569,0.571261301264714,0.583033038568132,0.5321383647798742,0.5810817610062893,0.5946792452830189,0.6014716981132076,2.1192452830188677,6.698867924528302,10.017358490566037,6.668679245283019,2.0,6.0,12.0,7.0
54,54,10,0.35000000000000003,20,0.75,0.5321383647798742,0.5965534591194969,0.6098616352201257,0.6176981132075471,0.5250022226330505,0.5105489039650216,0.5207727527573659,0.5727030469573481,0.5767573914684244,0.5853896597241534,0.5321383647798742,0.5965534591194969,0.6098616352201257,0.6176981132075471,2.1192452830188677,7.931320754716981,11.909433962264151,7.795471698113207,2.0,7.0,13.0,8.0
55,55,10,0.35000000000000003,20,0.8,0.5321383647798742,0.5920251572327044,0.6094842767295597,0.6089559748427673,0.5348472165362853,0.511416606010346,0.5386544388691754,0.5729658436672315,0.5767950531564885,0.5855221295182367,0.5321383647798742,0.5920251572327044,0.6094842767295597,0.6089559748427673,2.1192452830188677,7.30188679245283,11.824150943396226,6.900377358490566,2.0,7.0,13.0,7.0
56,56,10,0.4,5,0.75,0.5321383647798742,0.5731446540880503,0.5549937106918238,0.5866792452830188,0.599802369646553,0.5755031781068507,0.5810437665797782,0.5820305592742178,0.5618301998301661,0.5848007523819386,0.5321383647798742,0.5731446540880503,0.5549937106918238,0.5866792452830188,2.1192452830188677,5.263396226415094,5.495094339622642,5.590188679245283,2.0,5.0,6.0,5.0
57,57,10,0.4,5,0.8,0.5321383647798742,0.5661635220125786,0.5549937106918238,0.5770566037735848,0.616582032349797,0.5759939167273949,0.5930239176307721,0.5829696921249847,0.5619937793703474,0.5823790417259805,0.5321383647798742,0.5661635220125786,0.5549937106918238,0.5770566037735848,2.1192452830188677,4.87245283018868,5.463396226415094,5.235471698113208,2.0,4.0,6.0,5.0
58,58,10,0.4,10,0.75,0.5321383647798742,0.5792327044025157,0.5822893081761006,0.5961383647798743,0.5802832003678781,0.5454037272153874,0.5527355357345516,0.5795828697243032,0.5699941145225296,0.5816707550981001,0.5321383647798742,0.5792327044025157,0.5822893081761006,0.5961383647798743,2.1192452830188677,6.05433962264151,7.841509433962264,6.569811320754717,2.0,5.0,10.0,6.0
59,59,10,0.4,10,0.8,0.5321383647798742,0.5748301886792452,0.5819119496855346,0.592805031446541,0.5917808888107777,0.5458424843122437,0.569434650778351,0.5804804220564227,0.5698887945611043,0.5850149045571443,0.5321383647798742,0.5748301886792452,0.5819119496855346,0.592805031446541,2.1192452830188677,5.613584905660377,7.788679245283019,6.04,2.0,5.0,10.0,6.0
60,60,10,0.4,15,0.75,0.5321383647798742,0.5791320754716981,0.5892704402515723,0.6033333333333334,0.5585943451644941,0.5280595245110751,0.5398898498425125,0.5722861653692968,0.5688668016714066,0.5821855055030598,0.5321383647798742,0.5791320754716981,0.5892704402515723,0.6033333333333334,2.1192452830188677,6.476981132075472,9.689811320754718,7.019622641509434,2.0,6.0,11.0,7.0
61,61,10,0.4,15,0.8,0.5321383647798742,0.5770566037735849,0.5892704402515723,0.594880503144654,0.5705491478708428,0.5293366365662874,0.5571201392318527,0.5748874518060042,0.5692925056898107,0.5822937151737202,0.5321383647798742,0.5770566037735849,0.5892704402515723,0.594880503144654,2.1192452830188677,6.067924528301887,9.556981132075471,6.2981132075471695,2.0,5.0,11.0,6.0
62,62,10,0.4,20,0.75,0.5321383647798742,0.5933459119496856,0.6019119496855345,0.6015094339622642,0.5387890392152456,0.5180689781203798,0.5329357886417992,0.5751602877048723,0.5739642924971496,0.5786515521887758,0.5321383647798742,0.5933459119496856,0.6019119496855345,0.6015094339622642,2.1192452830188677,7.253584905660377,11.184905660377359,7.279245283018868,2.0,7.0,12.0,7.0
63,63,10,0.4,20,0.8,0.5321383647798742,0.5869937106918239,0.6011572327044025,0.5976477987421382,0.5495181404655085,0.519788360542552,0.5527871676858023,0.5745018539497188,0.5740342753171189,0.5826942550566929,0.5321383647798742,0.5869937106918239,0.6011572327044025,0.5976477987421382,2.1192452830188677,6.690566037735849,10.946415094339622,6.466415094339623,2.0,6.0,11.0,6.0
64,64,10,0.45,5,0.75,0.5321383647798742,0.5732704402515723,0.5541761006289307,0.5821509433962263,0.6045696100145039,0.5798220058869249,0.5870584523443393,0.5837034968392162,0.5627247357149288,0.583786779712264,0.5321383647798742,0.5732704402515723,0.5541761006289307,0.5821509433962263,2.1192452830188677,5.158490566037736,5.380377358490566,5.355471698113208,2.0,5.0,6.0,5.0
65,65,10,0.45,5,0.8,0.5321383647798742,0.5649056603773585,0.5541761006289307,0.5746037735849057,0.6219688331231487,0.5802077187587299,0.6038426774322121,0.5839267179592885,0.5628533066721971,0.5843500748673411,0.5321383647798742,0.5649056603773585,0.5541761006289307,0.5746037735849057,2.1192452830188677,4.720754716981132,5.352452830188679,5.031698113207547,2.0,4.0,6.0,5.0
66,66,10,0.45,10,0.75,0.5321383647798742,0.5807421383647798,0.5814088050314464,0.5879245283018868,0.5870515058601634,0.5503024998310422,0.5644071016162282,0.5828452608632411,0.5710400366313116,0.5800853860733339,0.5321383647798742,0.5807421383647798,0.5814088050314464,0.5879245283018868,2.1192452830188677,5.7932075471698115,7.589433962264151,6.132830188679245,2.0,5.0,9.0,6.0
67,67,10,0.45,10,0.8,0.5321383647798742,0.5695471698113207,0.5814088050314464,0.5844654088050314,0.6011775647484386,0.5509853653761483,0.5763184448803055,0.58009063479036,0.5712676584796804,0.5817497541634561,0.5321383647798742,0.5695471698113207,0.5814088050314464,0.5844654088050314,2.1192452830188677,5.320754716981132,7.517735849056604,5.684528301886792,2.0,5.0,9.0,5.0
68,68,10,0.45,15,0.75,0.5321383647798742,0.577685534591195,0.5880754716981131,0.5952201257861635,0.5653729137494601,0.5365705844676281,0.5532083042975151,0.57358132764395,0.5709071759546182,0.5812161852899473,0.5321383647798742,0.577685534591195,0.5880754716981131,0.5952201257861635,2.1192452830188677,6.255094339622642,9.093584905660377,6.560754716981132,2.0,6.0,10.0,6.0
69,69,10,0.45,15,0.8,0.5321383647798742,0.5746666666666667,0.5876352201257861,0.5883647798742138,0.5784152493955423,0.5375514648707368,0.5711348800795824,0.5759161942429586,0.5709406350407696,0.58262147994267,0.5321383647798742,0.5746666666666667,0.5876352201257861,0.5883647798742138,2.1192452830188677,5.786415094339622,9.013584905660377,5.812075471698114,2.0,5.0,10.0,6.0
70,70,10,0.45,20,0.75,0.5321383647798742,0.5942264150943396,0.5936100628930817,0.5951572327044025,0.5503386787560556,0.529371676310671,0.5448465734571865,0.5795971696482449,0.5721972673656115,0.5783870129553305,0.5321383647798742,0.5942264150943396,0.5936100628930817,0.5951572327044025,2.1192452830188677,6.814339622641509,10.016603773584906,6.64377358490566,2.0,6.0,11.0,7.0
71,71,10,0.45,20,0.8,0.5321383647798742,0.5872452830188678,0.5936100628930817,0.5867924528301887,0.5603645433995057,0.5300827744638754,0.5663502514827317,0.5782850364790805,0.5724343000833463,0.5799783857143697,0.5321383647798742,0.5872452830188678,0.5936100628930817,0.5867924528301887,2.1192452830188677,6.314716981132076,9.935849056603773,5.932075471698113,2.0,6.0,10.0,6.0
72,72,10,0.5,5,0.75,0.5321383647798742,0.5562264150943397,0.5539874213836478,0.5802389937106918,0.626212074649525,0.5839135757835958,0.5893800519326259,0.5795549682794015,0.5639628061836305,0.5832860131180032,0.5321383647798742,0.5562264150943397,0.5539874213836478,0.5802389937106918,2.1192452830188677,4.699622641509434,5.290566037735849,5.155471698113208,2.0,4.0,6.0,5.0
73,73,10,0.5,5,0.8,0.5321383647798742,0.5533962264150943,0.5539874213836478,0.5777232704402516,0.6383114772941795,0.5845839007287478,0.60081217775121,0.581701310041456,0.5641862478320144,0.5854195728772377,0.5321383647798742,0.5533962264150943,0.5539874213836478,0.5777232704402516,2.1192452830188677,4.397735849056604,5.260377358490566,4.881509433962264,2.0,4.0,6.0,5.0
74,74,10,0.5,10,0.75,0.5321383647798742,0.5651446540880503,0.5812201257861634,0.5882767295597484,0.6105874226586544,0.5553420204007661,0.5685082869906563,0.580292243611585,0.5725940906576977,0.5816872487033843,0.5321383647798742,0.5651446540880503,0.5812201257861634,0.5882767295597484,2.1192452830188677,5.143396226415095,7.34188679245283,5.899622641509434,2.0,4.0,8.0,6.0
75,75,10,0.5,10,0.8,0.5321383647798742,0.5642641509433961,0.5812201257861634,0.583811320754717,0.6153472131459204,0.5556567040101306,0.5836395053520502,0.5812918383442375,0.5726989851941525,0.5837540489538281,0.5321383647798742,0.5642641509433961,0.5812201257861634,0.583811320754717,2.1192452830188677,4.920754716981132,7.310943396226415,5.416603773584906,2.0,4.0,8.0,5.0
76,76,10,0.5,15,0.75,0.5321383647798742,0.5733459119496855,0.586125786163522,0.5936226415094339,0.5899154857388791,0.5409322663873793,0.5652280015837495,0.5788691032127501,0.5710612795714743,0.5841577615342057,0.5321383647798742,0.5733459119496855,0.586125786163522,0.5936226415094339,2.1192452830188677,5.587169811320755,8.640754716981132,6.052830188679246,2.0,5.0,9.0,6.0
77,77,10,0.5,15,0.8,0.5321383647798742,0.5705786163522012,0.585622641509434,0.592553459119497,0.5951528087406427,0.5422361546372353,0.5778411536105845,0.578770013815015,0.5711604792187011,0.5876493572831928,0.5321383647798742,0.5705786163522012,0.585622641509434,0.592553459119497,2.1192452830188677,5.356981132075472,8.529811320754717,5.565283018867924,2.0,5.0,9.0,5.0
78,78,10,0.5,20,0.75,0.5321383647798742,0.577685534591195,0.5897735849056603,0.5911698113207546,0.581180923216045,0.5356665421450374,0.5611284492536628,0.5788506641328116,0.5717379039854528,0.5811560239650574,0.5321383647798742,0.577685534591195,0.5897735849056603,0.5911698113207546,2.1192452830188677,5.9033962264150945,9.092075471698113,6.057358490566037,2.0,5.0,10.0,6.0
79,79,10,0.5,20,0.8,0.5321383647798742,0.5734088050314465,0.5895220125786163,0.5913584905660377,0.5890779987165872,0.5369574500511411,0.5751448105742432,0.5786318695931602,0.5720004917361246,0.5859539305687729,0.5321383647798742,0.5734088050314465,0.5895220125786163,0.5913584905660377,2.1192452830188677,5.584905660377358,8.984905660377358,5.612830188679245,2.0,5.0,9.0,5.0
80,80,20,0.05,5,0.75,0.5321383647798742,0.5984905660377359,0.5872955974842767,0.6791320754716982,0.5528091512326067,0.5350349138740771,0.5177906751512883,0.5832634277693595,0.5698753696142101,0.6253516086982281,0.5321383647798742,0.5984905660377359,0.5872955974842767,0.6791320754716982,2.1192452830188677,6.653584905660377,6.438490566037736,8.227924528301887,2.0,6.0,6.0,8.0
81,81,20,0.05,5,0.8,0.5321383647798742,0.5934591194968553,0.5866037735849057,0.662566037735849,0.5673802093867821,0.537429278519546,0.538017795490965,0.5847661494601643,0.5702122752297858,0.6210499569875543,0.5321383647798742,0.5934591194968553,0.5866037735849057,0.662566037735849,2.1192452830188677,6.1864150943396226,6.305660377358491,7.222641509433962,2.0,6.0,6.0,7.0
82,82,20,0.05,10,0.75,0.5321383647798742,0.6134213836477987,0.6145534591194969,0.6998490566037735,0.5046779029313109,0.4846850631968671,0.471639148225345,0.5771735567423028,0.5712639938119536,0.6237790871442973,0.5321383647798742,0.6134213836477987,0.6145534591194969,0.6998490566037735,2.1192452830188677,9.170566037735849,9.880754716981132,11.25509433962264,2.0,8.0,10.0,11.0
83,83,20,0.05,10,0.8,0.5321383647798742,0.6023899371069183,0.6115345911949686,0.683496855345912,0.5226218239648651,0.4891199093844349,0.48913072670303887,0.5758005660595673,0.5707296972581241,0.6187081457982876,0.5321383647798742,0.6023899371069183,0.6115345911949686,0.683496855345912,2.1192452830188677,8.049811320754717,9.482264150943395,9.74566037735849,2.0,7.0,9.0,9.0
84,84,20,0.05,15,0.75,0.5321383647798742,0.6407672955974842,0.6294591194968553,0.7078993710691824,0.47566599944642085,0.4533278665671495,0.4548899423992872,0.5857335302137964,0.57074870185362,0.623562894845884,0.5321383647798742,0.6407672955974842,0.6294591194968553,0.7078993710691824,2.1192452830188677,11.045283018867925,13.587924528301887,13.611320754716981,2.0,10.0,14.0,13.0
85,85,20,0.05,15,0.8,0.5321383647798742,0.637119496855346,0.6252452830188678,0.6936603773584906,0.4922227018332014,0.45830036613517977,0.46792116295905045,0.5888205651812978,0.5695969773909718,0.6184139725586772,0.5321383647798742,0.637119496855346,0.6252452830188678,0.6936603773584906,2.1192452830188677,9.635471698113207,12.782641509433962,11.582641509433962,2.0,9.0,13.0,11.0
86,86,20,0.05,20,0.75,0.5321383647798742,0.6536855345911949,0.6406792452830189,0.7163899371069182,0.46013036856694495,0.4348688761061642,0.4441041555887423,0.5891671459164449,0.572075788890734,0.6256280099341929,0.5321383647798742,0.6536855345911949,0.6406792452830189,0.7163899371069182,2.1192452830188677,12.44754716981132,16.70943396226415,15.326037735849056,2.0,12.0,17.0,15.0
87,87,20,0.05,20,0.8,0.5321383647798742,0.6423647798742138,0.6352704402515723,0.7024905660377359,0.4743409943230454,0.44017700084947087,0.4569945263084943,0.5863568513571576,0.5702392937842052,0.6206585527946553,0.5321383647798742,0.6423647798742138,0.6352704402515723,0.7024905660377359,2.1192452830188677,10.806037735849056,15.744150943396226,12.833962264150943,2.0,10.0,16.0,12.0
88,88,20,0.1,5,0.75,0.5321383647798742,0.5916352201257862,0.5818867924528301,0.6370314465408805,0.5699959964495415,0.5603312288705954,0.5631722254963369,0.584422145567038,0.5747016045920853,0.6124117061926994,0.5321383647798742,0.5916352201257862,0.5818867924528301,0.6370314465408805,2.1192452830188677,6.002264150943396,5.778867924528302,6.361509433962264,2.0,6.0,6.0,6.0
89,89,20,0.1,5,0.8,0.5321383647798742,0.5869182389937108,0.5814465408805032,0.6353333333333334,0.5836905689217036,0.5618492183245216,0.5771299930340148,0.5858423489697083,0.5749141000285093,0.6159322199002272,0.5321383647798742,0.5869182389937108,0.5814465408805032,0.6353333333333334,2.1192452830188677,5.6407547169811325,5.69811320754717,5.855849056603773,2.0,5.0,6.0,5.0
90,90,20,0.1,10,0.75,0.5321383647798742,0.6015345911949685,0.6025157232704402,0.6534716981132076,0.5250613516999337,0.511350300048011,0.5131034447197765,0.5760435113632902,0.5721272488629637,0.6066822803153973,0.5321383647798742,0.6015345911949685,0.6025157232704402,0.6534716981132076,2.1192452830188677,7.723018867924528,8.524528301886793,8.358490566037736,2.0,7.0,9.0,8.0
91,91,20,0.1,10,0.8,0.5321383647798742,0.5950314465408805,0.6018238993710693,0.6446037735849057,0.538499097001746,0.5141509961566246,0.5326235247805307,0.5761873300278356,0.5725995982995877,0.6072770239834474,0.5321383647798742,0.5950314465408805,0.6018238993710693,0.6446037735849057,2.1192452830188677,6.989433962264151,8.31622641509434,7.401509433962264,2.0,6.0,8.0,7.0
92,92,20,0.1,15,0.75,0.5321383647798742,0.6324025157232704,0.6154088050314465,0.6562389937106918,0.49992558864853076,0.4875867634684947,0.4941269568686607,0.5882435400316905,0.5728014578437959,0.6022016480966815,0.5321383647798742,0.6324025157232704,0.6154088050314465,0.6562389937106918,2.1192452830188677,9.104905660377359,11.267169811320755,9.563018867924528,2.0,9.0,11.0,9.0
93,93,20,0.1,15,0.8,0.5321383647798742,0.6231572327044026,0.6150314465408805,0.6472452830188679,0.5176813179199914,0.48990562386637976,0.5139125620449008,0.5879985944429321,0.5733228389827135,0.6028010426942122,0.5321383647798742,0.6231572327044026,0.6150314465408805,0.6472452830188679,2.1192452830188677,8.04679245283019,10.944150943396226,8.245283018867925,2.0,7.0,11.0,8.0
94,94,20,0.1,20,0.75,0.5321383647798742,0.633937106918239,0.6251572327044025,0.6677106918238994,0.4845069099377786,0.47105202527560913,0.48138761291486104,0.5841270412580856,0.5737888302281381,0.60560299885422,0.5321383647798742,0.633937106918239,0.6251572327044025,0.6677106918238994,2.1192452830188677,9.808301886792453,13.56,10.333584905660377,2.0,9.0,13.0,10.0
95,95,20,0.1,20,0.8,0.5321383647798742,0.6289685534591194,0.6218238993710692,0.6538113207547169,0.5001893738446294,0.4762173990810847,0.4978886081132583,0.5860421602542893,0.5732883992744077,0.601837083207564,0.5321383647798742,0.6289685534591194,0.6218238993710692,0.6538113207547169,2.1192452830188677,8.771320754716982,12.898867924528302,8.99622641509434,2.0,8.0,12.0,9.0
96,96,20,0.15000000000000002,5,0.75,0.5321383647798742,0.5866037735849057,0.5823270440251572,0.6235094339622642,0.5805414267147827,0.5728013358925816,0.5790440215155094,0.5845829912948647,0.5791518079809653,0.608687629813346,0.5321383647798742,0.5866037735849057,0.5823270440251572,0.6235094339622642,2.1192452830188677,5.710943396226415,5.488301886792453,5.736603773584906,2.0,5.0,6.0,5.0
97,97,20,0.15000000000000002,5,0.8,0.5321383647798742,0.5815723270440251,0.5816352201257862,0.6151823899371069,0.5956646429834476,0.5736876620782445,0.5885041464058243,0.5862697656904993,0.578986034109939,0.606289642093346,0.5321383647798742,0.5815723270440251,0.5816352201257862,0.6151823899371069,2.1192452830188677,5.323018867924528,5.439245283018868,5.38188679245283,2.0,5.0,6.0,5.0
98,98,20,0.15000000000000002,10,0.75,0.5321383647798742,0.5941509433962264,0.5968553459119497,0.6322138364779875,0.5411395443398563,0.5309246857818174,0.5421665629416283,0.5764804770441031,0.5748784592019055,0.6021980786325344,0.5321383647798742,0.5941509433962264,0.5968553459119497,0.6322138364779875,2.1192452830188677,6.983396226415095,7.849811320754717,7.12754716981132,2.0,6.0,8.0,7.0
99,99,20,0.15000000000000002,10,0.8,0.5321383647798742,0.5851572327044025,0.5961635220125786,0.6233459119496856,0.5540189569154457,0.5333544134848216,0.5554033135562747,0.5747778074414168,0.5752271525033262,0.600698379151882,0.5321383647798742,0.5851572327044025,0.5961635220125786,0.6233459119496856,2.1192452830188677,6.394716981132076,7.668679245283019,6.439245283018868,2.0,6.0,7.0,6.0
100,100,20,0.15000000000000002,15,0.75,0.5321383647798742,0.6185408805031446,0.6086163522012579,0.6362389937106918,0.5217164297970376,0.5060261799890226,0.5252079813703975,0.5862660636011089,0.5744196281305127,0.599228656263927,0.5321383647798742,0.6185408805031446,0.6086163522012579,0.6362389937106918,2.1192452830188677,7.7622641509433965,10.141132075471699,7.870943396226415,2.0,7.0,10.0,8.0
101,101,20,0.15000000000000002,15,0.8,0.5321383647798742,0.611685534591195,0.6078616352201257,0.6231572327044026,0.5383957983964861,0.5088157214335588,0.545917641469969,0.587255622526292,0.5748463306246033,0.5974107022929247,0.5321383647798742,0.611685534591195,0.6078616352201257,0.6231572327044026,2.1192452830188677,7.056603773584905,9.93811320754717,7.000754716981132,2.0,7.0,9.0,7.0
102,102,20,0.15000000000000002,20,0.75,0.5321383647798742,0.623496855345912,0.6158490566037735,0.6406666666666666,0.5064501152003772,0.493840570717224,0.511574289246998,0.5844812752974003,0.575179561308257,0.5976358741934438,0.5321383647798742,0.623496855345912,0.6158490566037735,0.6406666666666666,2.1192452830188677,8.381132075471697,11.909433962264151,8.46566037735849,2.0,8.0,11.0,8.0
103,103,20,0.15000000000000002,20,0.8,0.5321383647798742,0.6198867924528302,0.6156603773584906,0.6344779874213837,0.5192541706587238,0.497718833258713,0.5298770336650915,0.586342585188128,0.5763465293252313,0.599611002835953,0.5321383647798742,0.6198867924528302,0.6156603773584906,0.6344779874213837,2.1192452830188677,7.707924528301887,11.464905660377358,7.463396226415094,2.0,7.0,10.0,7.0
104,104,20,0.2,5,0.75,0.5321383647798742,0.5817610062893082,0.5755974842767295,0.6099622641509433,0.5903705065618287,0.5916493856405751,0.5958045163535685,0.5846308397134816,0.580948118064678,0.6052430148851516,0.5321383647798742,0.5817610062893082,0.5755974842767295,0.6099622641509433,2.1192452830188677,5.347924528301887,5.097358490566037,5.209056603773585,2.0,5.0,5.0,5.0
105,105,20,0.2,5,0.8,0.5321383647798742,0.5786792452830188,0.5754088050314465,0.6036729559748427,0.6042120338397571,0.5922422249006626,0.6030327632015653,0.5871901748019316,0.5810199449878519,0.6034595583837502,0.5321383647798742,0.5786792452830188,0.5754088050314465,0.6036729559748427,2.1192452830188677,5.048301886792453,5.064905660377359,4.93811320754717,2.0,5.0,5.0,5.0
106,106,20,0.2,10,0.75,0.5321383647798742,0.5871069182389937,0.5901257861635221,0.6138490566037736,0.5575653003471861,0.5587021403484862,0.5668667255084077,0.5772597122750579,0.5796512375585101,0.598188279571985,0.5321383647798742,0.5871069182389937,0.5901257861635221,0.6138490566037736,2.1192452830188677,6.263396226415094,7.029433962264151,6.23622641509434,2.0,6.0,6.0,6.0
107,107,20,0.2,10,0.8,0.5321383647798742,0.580566037735849,0.5888679245283018,0.6072452830188678,0.5692372005567043,0.5601314979861489,0.5826430803554994,0.5767897586761341,0.5792891156809176,0.599044548797745,0.5321383647798742,0.580566037735849,0.5888679245283018,0.6072452830188678,2.1192452830188677,5.821132075471698,6.940377358490566,5.736603773584906,2.0,5.0,6.0,5.0
108,108,20,0.2,15,0.75,0.5321383647798742,0.6095094339622641,0.599811320754717,0.6168679245283019,0.542233929546414,0.535848016925342,0.5530058769749197,0.5870842658236474,0.5784902194782586,0.5955805753438411,0.5321383647798742,0.6095094339622641,0.599811320754717,0.6168679245283019,2.1192452830188677,6.808301886792453,8.91622641509434,6.696603773584906,2.0,6.0,8.0,7.0
109,109,20,0.2,15,0.8,0.5321383647798742,0.602188679245283,0.5993081761006289,0.6103270440251571,0.5583175672603563,0.5374208286003503,0.5665908525577626,0.5875649752503075,0.5786790602672027,0.5957483135360256,0.5321383647798742,0.602188679245283,0.5993081761006289,0.6103270440251571,2.1192452830188677,6.256603773584906,8.806037735849056,6.0762264150943395,2.0,6.0,7.0,6.0
110,110,20,0.2,20,0.75,0.5321383647798742,0.6144402515723271,0.6043396226415094,0.6229685534591195,0.529243678091125,0.5241121575913859,0.5455907197385368,0.5860413937452598,0.5775971342914682,0.5971759422189252,0.5321383647798742,0.6144402515723271,0.6043396226415094,0.6229685534591195,2.1192452830188677,7.307169811320755,10.157735849056603,6.9652830188679244,2.0,7.0,8.0,7.0
111,111,20,0.2,20,0.8,0.5321383647798742,0.6097610062893082,0.6029559748427673,0.6098238993710692,0.5400091517815159,0.5268732297915982,0.5636851875369842,0.5865103881200441,0.577595059825711,0.5944443287597075,0.5321383647798742,0.6097610062893082,0.6029559748427673,0.6098238993710692,2.1192452830188677,6.8528301886792455,9.903396226415094,6.160754716981132,2.0,7.0,8.0,6.0
112,112,20,0.25,5,0.75,0.5321383647798742,0.5760377358490566,0.57,0.6000251572327043,0.5994882488230697,0.5989289846411605,0.6058157123345569,0.5838545735070609,0.5796429948803868,0.6019553422666551,0.5321383647798742,0.5760377358490566,0.57,0.6000251572327043,2.1192452830188677,5.119245283018868,4.910188679245283,4.922264150943397,2.0,5.0,5.0,5.0
113,113,20,0.25,5,0.8,0.5321383647798742,0.5731446540880503,0.569811320754717,0.5885157232704402,0.6138624793793941,0.5993099228951736,0.6167235265251478,0.5867172625184982,0.5796441881348692,0.5979183243553428,0.5321383647798742,0.5731446540880503,0.569811320754717,0.5885157232704402,2.1192452830188677,4.775094339622641,4.892830188679246,4.617358490566038,2.0,4.0,5.0,4.0
114,114,20,0.25,10,0.75,0.5321383647798742,0.5825157232704403,0.5835849056603774,0.599132075471698,0.5747895454047408,0.5701461725351684,0.5822975765615104,0.5799403306485406,0.5791053279519743,0.5935205758349688,0.5321383647798742,0.5825157232704403,0.5835849056603774,0.599132075471698,2.1192452830188677,5.732830188679245,6.632452830188679,5.593207547169811,2.0,5.0,6.0,5.0
115,115,20,0.25,10,0.8,0.5321383647798742,0.5735220125786163,0.5835849056603774,0.5959874213836478,0.586365787070817,0.5707765269571546,0.5884289415252378,0.5778032707426832,0.5793154460926364,0.5934679280975111,0.5321383647798742,0.5735220125786163,0.5835849056603774,0.5959874213836478,2.1192452830188677,5.402264150943396,6.581132075471698,5.296603773584906,2.0,5.0,6.0,5.0
116,116,20,0.25,15,0.75,0.5321383647798742,0.6026540880503145,0.5914465408805031,0.6031572327044026,0.5627448024913834,0.5557333953381218,0.574995379086202,0.589350992864004,0.5795421590330426,0.5937699481650024,0.5321383647798742,0.6026540880503145,0.5914465408805031,0.6031572327044026,2.1192452830188677,6.0958490566037735,8.147924528301887,5.981132075471698,2.0,6.0,6.0,6.0
117,117,20,0.25,15,0.8,0.5321383647798742,0.5904905660377359,0.591006289308176,0.597937106918239,0.5764122735902266,0.5568869208346363,0.5844674496194,0.5857978018885661,0.5796331664836628,0.5934472211519594,0.5321383647798742,0.5904905660377359,0.591006289308176,0.597937106918239,2.1192452830188677,5.738867924528302,8.067169811320754,5.57811320754717,2.0,5.0,6.0,5.0
118,118,20,0.25,20,0.75,0.5321383647798742,0.60674213836478,0.5957232704402516,0.6052955974842767,0.548427326183114,0.5468406197751113,0.5685703887273635,0.587303867637558,0.5794290535518716,0.5930538612319723,0.5321383647798742,0.60674213836478,0.5957232704402516,0.6052955974842767,2.1192452830188677,6.520754716981132,9.009811320754716,6.1358490566037736,2.0,6.0,7.0,6.0
119,119,20,0.25,20,0.8,0.5321383647798742,0.598566037735849,0.5935849056603774,0.5988805031446541,0.5615904130083877,0.5485016407459117,0.5797572707160421,0.586240829493362,0.5785571506888888,0.5925060923351168,0.5321383647798742,0.598566037735849,0.5935849056603774,0.5988805031446541,2.1192452830188677,6.141132075471698,8.845283018867924,5.638490566037736,2.0,6.0,7.0,6.0
120,120,20,0.3,5,0.75,0.5321383647798742,0.5768553459119496,0.5667924528301886,0.586817610062893,0.6102903027053246,0.605663200557023,0.6127970535074777,0.5880003315097413,0.5797493687391334,0.5954774245444212,0.5321383647798742,0.5768553459119496,0.5667924528301886,0.586817610062893,2.1192452830188677,4.890566037735849,4.727547169811321,4.678490566037736,2.0,5.0,4.0,4.0
121,121,20,0.3,5,0.8,0.5321383647798742,0.5681132075471698,0.5666037735849057,0.5810943396226416,0.6246305783967132,0.6065889215019005,0.6229090927770355,0.5869523311636843,0.5799321562239039,0.5950325906741062,0.5321383647798742,0.5681132075471698,0.5666037735849057,0.5810943396226416,2.1192452830188677,4.544150943396226,4.704905660377358,4.434716981132076,2.0,4.0,4.0,4.0
122,122,20,0.3,10,0.75,0.5321383647798742,0.5756603773584905,0.5794968553459119,0.5898867924528302,0.5879571995131004,0.5797739154204445,0.5925410048787301,0.5797593180766939,0.5795892087040895,0.5907715299281301,0.5321383647798742,0.5756603773584905,0.5794968553459119,0.5898867924528302,2.1192452830188677,5.296603773584906,6.273207547169811,5.362264150943396,2.0,5.0,5.0,5.0
123,123,20,0.3,10,0.8,0.5321383647798742,0.5716981132075472,0.5794968553459119,0.5866792452830188,0.5981558763241684,0.5801356883052737,0.6015212011730242,0.5805173675797543,0.5797097996656991,0.5916265639130206,0.5321383647798742,0.5716981132075472,0.5794968553459119,0.5866792452830188,2.1192452830188677,5.04754716981132,6.24,4.9652830188679244,2.0,5.0,5.0,5.0
124,124,20,0.3,15,0.75,0.5321383647798742,0.5913962264150943,0.5852830188679246,0.5918364779874214,0.57999232161901,0.5681055017700113,0.5840973187181443,0.5875949248163995,0.5795571798352869,0.5892567582309957,0.5321383647798742,0.5913962264150943,0.5852830188679246,0.5918364779874214,2.1192452830188677,5.614339622641509,7.602264150943396,5.596981132075472,2.0,5.0,5.0,5.0
125,125,20,0.3,15,0.8,0.5321383647798742,0.5876226415094339,0.5850314465408806,0.5887924528301887,0.589170910707658,0.5684705894681761,0.5968410615274025,0.5881387312421752,0.5795111608499791,0.5914753223959266,0.5321383647798742,0.5876226415094339,0.5850314465408806,0.5887924528301887,2.1192452830188677,5.350943396226415,7.583396226415094,5.159245283018868,2.0,5.0,5.0,5.0
126,126,20,0.3,20,0.75,0.5321383647798742,0.598943396226415,0.5861006289308176,0.5905786163522012,0.5669146007994422,0.5619395935424024,0.5801413269743658,0.5882671310840908,0.5780469504680125,0.5870995198929227,0.5321383647798742,0.598943396226415,0.5861006289308176,0.5905786163522012,2.1192452830188677,5.96,8.067169811320754,5.672452830188679,2.0,6.0,6.0,5.0
127,127,20,0.3,20,0.8,0.5321383647798742,0.5947295597484277,0.5861006289308176,0.58862893081761,0.5781617483442604,0.5620922776032278,0.5971011422672451,0.5892069559470386,0.5780978451549543,0.5914530013008217,0.5321383647798742,0.5947295597484277,0.5861006289308176,0.58862893081761,2.1192452830188677,5.6716981132075475,8.054339622641509,5.209056603773585,2.0,5.0,6.0,5.0
128,128,20,0.35000000000000003,5,0.75,0.5321383647798742,0.5748427672955975,0.5620125786163522,0.5827295597484277,0.6210800955710984,0.611301867693861,0.6253653086528158,0.5902552100540978,0.5784423416421886,0.5969414760498903,0.5321383647798742,0.5748427672955975,0.5620125786163522,0.5827295597484277,2.1192452830188677,4.576603773584906,4.596981132075472,4.54188679245283,2.0,4.0,4.0,4.0
129,129,20,0.35000000000000003,5,0.8,0.5321383647798742,0.5661635220125787,0.5620125786163522,0.5782641509433962,0.6335056286687577,0.6118015696739703,0.6303465231360138,0.5886108908979717,0.5786089089688916,0.5956249416742687,0.5321383647798742,0.5661635220125787,0.5620125786163522,0.5782641509433962,2.1192452830188677,4.305660377358491,4.576603773584906,4.33433962264151,2.0,4.0,4.0,4.0
130,130,20,0.35000000000000003,10,0.75,0.5321383647798742,0.569685534591195,0.5750943396226416,0.5856100628930818,0.6039582160062122,0.5876027245757409,0.603045672718104,0.5811097617295341,0.5792638012736747,0.591421932834756,0.5321383647798742,0.569685534591195,0.5750943396226416,0.5856100628930818,2.1192452830188677,4.899622641509434,5.9750943396226415,5.092830188679245,2.0,5.0,5.0,5.0
131,131,20,0.35000000000000003,10,0.8,0.5321383647798742,0.5645283018867925,0.5750943396226416,0.5815849056603773,0.6126903135138083,0.5881103020878475,0.6131557036617643,0.5805823057624644,0.5794329937777102,0.592108504994173,0.5321383647798742,0.5645283018867925,0.5750943396226416,0.5815849056603773,2.1192452830188677,4.744905660377358,5.949433962264151,4.820377358490566,2.0,4.0,5.0,4.0
132,132,20,0.35000000000000003,15,0.75,0.5321383647798742,0.5911446540880503,0.580314465408805,0.5843522012578616,0.5912170011857313,0.5810300132712172,0.5994185840560108,0.5911687697872773,0.5805529813629424,0.5893743288572447,0.5321383647798742,0.5911446540880503,0.580314465408805,0.5843522012578616,2.1192452830188677,5.283018867924528,6.8128301886792455,5.158490566037736,2.0,5.0,5.0,5.0
133,133,20,0.35000000000000003,15,0.8,0.5321383647798742,0.5852955974842767,0.580314465408805,0.5803270440251572,0.6013689097534163,0.5817283372023728,0.6110297966385922,0.5906533682406566,0.5807857560066609,0.5905612948963023,0.5321383647798742,0.5852955974842767,0.580314465408805,0.5803270440251572,2.1192452830188677,5.086792452830188,6.789433962264151,4.830943396226415,2.0,5.0,5.0,5.0
134,134,20,0.35000000000000003,20,0.75,0.5321383647798742,0.5964905660377358,0.5808176100628931,0.5872452830188679,0.5822938976279471,0.5765205716737977,0.5974945621280704,0.5917583432344729,0.5793852639331947,0.5906617093886021,0.5321383647798742,0.5964905660377358,0.5808176100628931,0.5872452830188679,2.1192452830188677,5.502641509433962,7.1267924528301885,5.1977358490566035,2.0,5.0,5.0,5.0
135,135,20,0.35000000000000003,20,0.8,0.5321383647798742,0.5895094339622641,0.5808176100628931,0.5843522012578616,0.5910542558623246,0.5777850549586854,0.6077128770042122,0.5900243745956176,0.5798067583614905,0.5921390931733118,0.5321383647798742,0.5895094339622641,0.5808176100628931,0.5843522012578616,2.1192452830188677,5.296603773584906,7.0852830188679246,4.892075471698114,2.0,5.0,5.0,5.0
136,136,20,0.4,5,0.75,0.5321383647798742,0.5618867924528302,0.560566037735849,0.5782641509433962,0.6358935533876202,0.6164494946271254,0.6248055566167663,0.5865557127644269,0.5791938566996078,0.5937779528345196,0.5321383647798742,0.5618867924528302,0.560566037735849,0.5782641509433962,2.1192452830188677,4.270188679245283,4.488301886792453,4.384905660377359,2.0,4.0,4.0,4.0
137,137,20,0.4,5,0.8,0.5321383647798742,0.559748427672956,0.560188679245283,0.5754968553459119,0.6429759461482505,0.6168747197332918,0.6334529388538735,0.5874909338313875,0.5790840260746193,0.5948155498485658,0.5321383647798742,0.559748427672956,0.560188679245283,0.5754968553459119,2.1192452830188677,4.08754716981132,4.467924528301887,4.201509433962264,2.0,4.0,4.0,4.0
138,138,20,0.4,10,0.75,0.5321383647798742,0.5659119496855345,0.5722012578616352,0.5780628930817611,0.6189383437835734,0.5950280374697362,0.6067330079711087,0.5835874143848808,0.5798101843976688,0.587619598044877,0.5321383647798742,0.5659119496855345,0.5722012578616352,0.5780628930817611,2.1192452830188677,4.6407547169811325,5.667169811320755,4.871698113207547,2.0,4.0,4.0,5.0
139,139,20,0.4,10,0.8,0.5321383647798742,0.5613207547169812,0.5720125786163522,0.5743522012578616,0.6263211713460882,0.5954469759025456,0.6197579033696927,0.5829875602600169,0.5798240443784167,0.5894874352951386,0.5321383647798742,0.5613207547169812,0.5720125786163522,0.5743522012578616,2.1192452830188677,4.476981132075472,5.654339622641509,4.605283018867924,2.0,4.0,4.0,4.0
140,140,20,0.4,15,0.75,0.5321383647798742,0.5802012578616352,0.5774213836477987,0.5793207547169812,0.6079332816802315,0.5884290791567989,0.6058491581430345,0.5894452658011673,0.5810906154841321,0.5881635558589989,0.5321383647798742,0.5802012578616352,0.5774213836477987,0.5793207547169812,2.1192452830188677,4.915471698113207,6.3283018867924525,4.90566037735849,2.0,5.0,5.0,5.0
141,141,20,0.4,15,0.8,0.5321383647798742,0.5763018867924528,0.5774213836477987,0.5754213836477987,0.617004407816349,0.5885833726570543,0.6188778200319065,0.5898693938004181,0.5811420466508839,0.5899068624425013,0.5321383647798742,0.5763018867924528,0.5774213836477987,0.5754213836477987,2.1192452830188677,4.732830188679245,6.311698113207547,4.577358490566038,2.0,4.0,5.0,4.0
142,142,20,0.4,20,0.75,0.5321383647798742,0.5850440251572327,0.5783647798742138,0.5822767295597484,0.6030277041633365,0.5851361243791028,0.6063019164581845,0.591038584825934,0.5806218947091768,0.5902851251925605,0.5321383647798742,0.5850440251572327,0.5783647798742138,0.5822767295597484,2.1192452830188677,5.064905660377359,6.535094339622641,4.876981132075472,2.0,5.0,5.0,5.0
143,143,20,0.4,20,0.8,0.5321383647798742,0.5802641509433962,0.5781132075471698,0.5807044025157232,0.6115548446218237,0.5853166963252321,0.6125795844516576,0.5906943821695387,0.5805143704731905,0.5913294631610347,0.5321383647798742,0.5802641509433962,0.5781132075471698,0.5807044025157232,2.1192452830188677,4.846037735849056,6.52377358490566,4.655849056603774,2.0,5.0,5.0,4.0
144,144,20,0.45,5,0.75,0.5321383647798742,0.5540251572327043,0.559433962264151,0.5736729559748428,0.6455558903733661,0.6205376319226416,0.6299271624188875,0.5845354016129249,0.5798018521503145,0.5924243581228578,0.5321383647798742,0.5540251572327043,0.559433962264151,0.5736729559748428,2.1192452830188677,4.123773584905661,4.390188679245283,4.273962264150944,2.0,4.0,4.0,4.0
145,145,20,0.45,5,0.8,0.5321383647798742,0.5530188679245283,0.559433962264151,0.5720377358490566,0.6504522772397258,0.6207454041058973,0.6351068114041025,0.5854966710295941,0.5798711095447331,0.5930607610340719,0.5321383647798742,0.5530188679245283,0.559433962264151,0.5720377358490566,2.1192452830188677,3.9758490566037734,4.384150943396226,4.137358490566037,2.0,4.0,4.0,4.0
146,146,20,0.45,10,0.75,0.5321383647798742,0.5562893081761006,0.569433962264151,0.5715974842767295,0.631202366559209,0.5999207086456996,0.6095533421943147,0.5812603276371368,0.5795962110580005,0.5842494369159246,0.5321383647798742,0.5562893081761006,0.569433962264151,0.5715974842767295,2.1192452830188677,4.400754716981132,5.515471698113208,4.755471698113207,2.0,4.0,4.0,4.0
147,147,20,0.45,10,0.8,0.5321383647798742,0.5542138364779874,0.5692452830188679,0.5654339622641509,0.6356473604570463,0.6006409335788173,0.6248026306252414,0.581358344471007,0.5797104998721844,0.5852235183845144,0.5321383647798742,0.5542138364779874,0.5692452830188679,0.5654339622641509,2.1192452830188677,4.300377358490566,5.48377358490566,4.390943396226415,2.0,4.0,4.0,4.0
148,148,20,0.45,15,0.75,0.5321383647798742,0.567622641509434,0.5735849056603773,0.5714088050314464,0.6246844475596033,0.5932951093303279,0.6134967861404921,0.586643243526157,0.5801549735503609,0.5854381320677949,0.5321383647798742,0.567622641509434,0.5735849056603773,0.5714088050314464,2.1192452830188677,4.597735849056604,6.029433962264151,4.756226415094339,2.0,4.0,4.0,4.0
149,149,20,0.45,15,0.8,0.5321383647798742,0.5656729559748428,0.5735849056603773,0.5688301886792453,0.6283258095161962,0.5934501201258945,0.6214312137699566,0.5865572404886272,0.5802066438155498,0.5863638637094825,0.5321383647798742,0.5656729559748428,0.5735849056603773,0.5688301886792453,2.1192452830188677,4.502641509433962,6.01433962264151,4.432452830188679,2.0,4.0,4.0,4.0
150,150,20,0.45,20,0.75,0.5321383647798742,0.5723396226415094,0.5738993710691824,0.5751194968553459,0.6216224733139543,0.5906031515221978,0.6130682516429309,0.5887672395323243,0.5794672978868541,0.5877690817845409,0.5321383647798742,0.5723396226415094,0.5738993710691824,0.5751194968553459,2.1192452830188677,4.656603773584906,6.189433962264151,4.6716981132075475,2.0,4.0,5.0,4.0
151,151,20,0.45,20,0.8,0.5321383647798742,0.5703270440251573,0.5738993710691824,0.5708427672955975,0.6238872887232135,0.5908078007665954,0.6235677925942897,0.5881804589245094,0.5795355143016535,0.5884177757284949,0.5321383647798742,0.5703270440251573,0.5738993710691824,0.5708427672955975,2.1192452830188677,4.563018867924528,6.175094339622642,4.40377358490566,2.0,4.0,5.0,4.0
152,152,20,0.5,5,0.75,0.5321383647798742,0.5529559748427673,0.5474213836477988,0.5589559748427673,0.6626727883550934,0.6246640752464361,0.636099286767712,0.5895282460135426,0.5731689475140113,0.5846704121510822,0.5321383647798742,0.5529559748427673,0.5474213836477988,0.5589559748427673,2.1192452830188677,3.769056603773585,4.264150943396227,4.133584905660378,2.0,3.0,4.0,4.0
153,153,20,0.5,5,0.8,0.5321383647798742,0.5529559748427673,0.5474213836477988,0.5577358490566038,0.663235460654529,0.6247370254250011,0.6386399951226216,0.5897158034466878,0.5731932642401996,0.5847038977452764,0.5321383647798742,0.5529559748427673,0.5474213836477988,0.5577358490566038,2.1192452830188677,3.749433962264151,4.258867924528302,4.036981132075471,2.0,3.0,4.0,4.0
154,154,20,0.5,10,0.75,0.5321383647798742,0.5532704402515722,0.5554716981132075,0.5600628930817609,0.653985036927812,0.60409173032258,0.6195127077179085,0.5868419724769854,0.5716783755163317,0.5798794979604768,0.5321383647798742,0.5532704402515722,0.5554716981132075,0.5600628930817609,2.1192452830188677,3.990188679245283,5.244528301886793,4.533584905660377,2.0,4.0,4.0,4.0
155,155,20,0.5,10,0.8,0.5321383647798742,0.5532704402515722,0.5554716981132075,0.5581761006289307,0.6548768017953157,0.6043930168228883,0.6236100829641968,0.5871392274328201,0.5717788043497678,0.5799874280740195,0.5321383647798742,0.5532704402515722,0.5554716981132075,0.5581761006289307,2.1192452830188677,3.970566037735849,5.225660377358491,4.36377358490566,2.0,4.0,4.0,4.0
156,156,20,0.5,15,0.75,0.5321383647798742,0.5546540880503145,0.559622641509434,0.5599371069182391,0.6486442517285232,0.5972303331763765,0.6213540289154182,0.5859841426097173,0.5721585387317482,0.5804094142506321,0.5321383647798742,0.5546540880503145,0.559622641509434,0.5599371069182391,2.1192452830188677,4.1366037735849055,5.726037735849056,4.449811320754717,2.0,4.0,4.0,4.0
157,157,20,0.5,15,0.8,0.5321383647798742,0.5546540880503145,0.559622641509434,0.5589937106918239,0.6496534688082438,0.5972606823804819,0.6268956168366029,0.5863205483029575,0.5721686551331167,0.5816276794067502,0.5321383647798742,0.5546540880503145,0.559622641509434,0.5589937106918239,2.1192452830188677,4.0966037735849055,5.72377358490566,4.372075471698113,2.0,4.0,4.0,4.0
158,158,20,0.5,20,0.75,0.5321383647798742,0.5561006289308176,0.5603144654088051,0.5589308176100629,0.6473114054651883,0.5936619652690185,0.6211921100405239,0.5865042211089412,0.571430298695543,0.57968458175355,0.5321383647798742,0.5561006289308176,0.5603144654088051,0.5589308176100629,2.1192452830188677,4.1675471698113205,5.880754716981132,4.493584905660377,2.0,4.0,5.0,4.0
159,159,20,0.5,20,0.8,0.5321383647798742,0.5559119496855345,0.5603144654088051,0.5602515723270439,0.6483873773476665,0.593692314473124,0.626673865580094,0.5867370922395785,0.5714404150969115,0.5823923367447272,0.5321383647798742,0.5559119496855345,0.5603144654088051,0.5602515723270439,2.1192452830188677,4.122264150943396,5.878490566037736,4.385660377358491,2.0,4.0,5.0,4.0
160,160,30,0.05,5,0.75,0.5321383647798742,0.5870440251572328,0.5685408805031447,0.6668553459119497,0.5709693802192324,0.541864790947874,0.5220591441162425,0.5816858101778993,0.5596488506513878,0.6185899453133806,0.5321383647798742,0.5870440251572328,0.5685408805031447,0.6668553459119497,2.1192452830188677,6.084528301886793,6.390188679245283,8.246037735849056,2.0,6.0,6.0,7.0
161,161,30,0.05,5,0.8,0.5321383647798742,0.5809433962264151,0.5681006289308176,0.6567421383647799,0.5839589476698094,0.5435280870184869,0.5395324153173757,0.5819485800408799,0.5599097816267073,0.6176722306823118,0.5321383647798742,0.5809433962264151,0.5681006289308176,0.6567421383647799,2.1192452830188677,5.720754716981132,6.262641509433962,7.339622641509434,2.0,5.0,6.0,6.0
162,162,30,0.05,10,0.75,0.5321383647798742,0.6072955974842768,0.6046415094339622,0.6909433962264151,0.5253678204512006,0.4848415806834669,0.4791802337200163,0.5799863384732514,0.5647081998504638,0.6203556753909488,0.5321383647798742,0.6072955974842768,0.6046415094339622,0.6909433962264151,2.1192452830188677,8.030188679245283,10.120754716981132,11.467924528301888,2.0,7.0,10.0,10.0
163,163,30,0.05,10,0.8,0.5321383647798742,0.6006918238993711,0.602566037735849,0.6783018867924528,0.5421720072902954,0.4894816018168006,0.49308623901379,0.5811852183630125,0.5648712257628329,0.6165633375328986,0.5321383647798742,0.6006918238993711,0.602566037735849,0.6783018867924528,2.1192452830188677,7.286037735849057,9.56754716981132,9.957735849056604,2.0,7.0,10.0,9.0
164,164,30,0.05,15,0.75,0.5321383647798742,0.6337861635220126,0.6245660377358491,0.6974842767295598,0.4968287435713344,0.45307408137868993,0.4574748655317368,0.5881336902051199,0.5674020522834627,0.6174811396636187,0.5321383647798742,0.6337861635220126,0.6245660377358491,0.6974842767295598,2.1192452830188677,9.459622641509434,13.44754716981132,13.742641509433962,2.0,9.0,14.0,12.0
165,165,30,0.05,15,0.8,0.5321383647798742,0.6267421383647799,0.6194716981132075,0.684125786163522,0.513550662245118,0.4579513895514803,0.47378955452902427,0.5890116463248926,0.5656315952592984,0.6140137089520228,0.5321383647798742,0.6267421383647799,0.6194716981132075,0.684125786163522,2.1192452830188677,8.302641509433963,12.576603773584905,11.564528301886792,2.0,8.0,12.0,10.0
166,166,30,0.05,20,0.75,0.5321383647798742,0.637811320754717,0.6386540880503145,0.7040251572327043,0.4810190780779004,0.4377069058840566,0.44761200943274765,0.5855472398624448,0.5716716939948953,0.618554107966052,0.5321383647798742,0.637811320754717,0.6386540880503145,0.7040251572327043,2.1192452830188677,10.383396226415094,16.003018867924528,15.223396226415094,2.0,10.0,16.0,14.0
167,167,30,0.05,20,0.8,0.5321383647798742,0.6293584905660378,0.634377358490566,0.6885911949685534,0.49569823334943214,0.4424787311304884,0.4628302424262906,0.5848050714938359,0.57041114937054,0.6133375441211325,0.5321383647798742,0.6293584905660378,0.634377358490566,0.6885911949685534,2.1192452830188677,9.056603773584905,15.010566037735849,13.076981132075472,2.0,9.0,15.0,12.0
168,168,30,0.1,5,0.75,0.5321383647798742,0.5788679245283019,0.5644905660377358,0.6429811320754717,0.589712369630051,0.5666599387833909,0.5567077345601881,0.5824827395622183,0.5652136902862875,0.6142233329037105,0.5321383647798742,0.5788679245283019,0.5644905660377358,0.6429811320754717,2.1192452830188677,5.446037735849057,5.759245283018868,6.716981132075472,2.0,5.0,6.0,6.0
169,169,30,0.1,5,0.8,0.5321383647798742,0.5742767295597484,0.5642389937106917,0.6296477987421384,0.6048877092188506,0.5689886692033147,0.572092091794158,0.5844803894461158,0.5658222188748994,0.6104625630928115,0.5321383647798742,0.5742767295597484,0.5642389937106917,0.6296477987421384,2.1192452830188677,5.0966037735849055,5.642264150943396,6.050566037735849,2.0,5.0,6.0,5.0
170,170,30,0.1,10,0.75,0.5321383647798742,0.5949056603773585,0.5931949685534591,0.6600754716981132,0.555330253824006,0.5201100838484818,0.5192209972056264,0.5817138581929077,0.5688333403184667,0.6131239802006175,0.5321383647798742,0.5949056603773585,0.5931949685534591,0.6600754716981132,2.1192452830188677,6.818867924528302,8.566037735849056,8.61811320754717,2.0,6.0,8.0,8.0
171,171,30,0.1,10,0.8,0.5321383647798742,0.590251572327044,0.591685534591195,0.6450817610062893,0.5742086668711028,0.5240154238593561,0.5362819786235095,0.5849039371750636,0.5691288310139154,0.6088151668786961,0.5321383647798742,0.590251572327044,0.591685534591195,0.6450817610062893,2.1192452830188677,6.132830188679245,8.229433962264151,7.627924528301887,2.0,6.0,8.0,7.0
172,172,30,0.1,15,0.75,0.5321383647798742,0.6195723270440251,0.6106037735849056,0.6618113207547168,0.5333545798508786,0.49288038067617274,0.4983594841397364,0.590833077979643,0.571362642615328,0.60732737521639,0.5321383647798742,0.6195723270440251,0.6106037735849056,0.6618113207547168,2.1192452830188677,7.463396226415094,10.991698113207548,9.915471698113208,2.0,7.0,10.0,9.0
173,173,30,0.1,15,0.8,0.5321383647798742,0.6155597484276729,0.6089685534591195,0.6545157232704403,0.5461130239615641,0.49770110385974853,0.5161133995735644,0.5924108402723033,0.5718794035926625,0.6083816153714817,0.5321383647798742,0.6155597484276729,0.6089685534591195,0.6545157232704403,2.1192452830188677,6.80377358490566,10.41132075471698,8.579622641509435,2.0,6.0,10.0,8.0
174,174,30,0.1,20,0.75,0.5321383647798742,0.621874213836478,0.6247295597484277,0.6702389937106917,0.5169924432434629,0.4754946951997265,0.485607312266968,0.5869136236388063,0.5749846048988606,0.6086950998961171,0.5321383647798742,0.621874213836478,0.6247295597484277,0.6702389937106917,2.1192452830188677,7.953207547169812,12.993962264150943,10.795471698113207,2.0,8.0,12.0,10.0
175,175,30,0.1,20,0.8,0.5321383647798742,0.6168427672955974,0.6189433962264151,0.6528805031446541,0.5300989112630733,0.48120067714309644,0.5015821514075561,0.5879281486180893,0.5730291565319755,0.6024477192322881,0.5321383647798742,0.6168427672955974,0.6189433962264151,0.6528805031446541,2.1192452830188677,7.31622641509434,12.024905660377359,9.417358490566038,2.0,7.0,11.0,8.0
176,176,30,0.15000000000000002,5,0.75,0.5321383647798742,0.5740880503144654,0.5609685534591194,0.6220125786163522,0.6007063162159434,0.5869153311381582,0.5829913755597513,0.5829608056149581,0.5696174793521324,0.6090055109308186,0.5321383647798742,0.5740880503144654,0.5609685534591194,0.6220125786163522,2.1192452830188677,5.120754716981132,5.240754716981132,5.779622641509434,2.0,5.0,5.0,5.0
177,177,30,0.15000000000000002,5,0.8,0.5321383647798742,0.5708805031446541,0.5603396226415094,0.6123018867924528,0.613893848589425,0.5885504624197989,0.5971018660935559,0.5852182849595777,0.5697432359009392,0.6072352132261538,0.5321383647798742,0.5708805031446541,0.5603396226415094,0.6123018867924528,2.1192452830188677,4.8233962264150945,5.170566037735849,5.35622641509434,2.0,4.0,5.0,5.0
178,178,30,0.15000000000000002,10,0.75,0.5321383647798742,0.5889937106918239,0.5871572327044026,0.6304025157232704,0.5815981415937548,0.5425234282273224,0.5468866687885063,0.5865285209924676,0.5722792978787091,0.602563900078349,0.5321383647798742,0.5889937106918239,0.5871572327044026,0.6304025157232704,2.1192452830188677,5.861886792452831,7.582641509433962,7.193962264150944,2.0,5.0,7.0,7.0
179,179,30,0.15000000000000002,10,0.8,0.5321383647798742,0.5851572327044025,0.5853333333333333,0.6243018867924529,0.5932546355238195,0.5444322483350057,0.5637020270643159,0.5878563669775415,0.5716996383338907,0.6041019335497406,0.5321383647798742,0.5851572327044025,0.5853333333333333,0.6243018867924529,2.1192452830188677,5.4596226415094335,7.428679245283019,6.491320754716981,2.0,5.0,7.0,6.0
180,180,30,0.15000000000000002,15,0.75,0.5321383647798742,0.6105911949685534,0.6025660377358489,0.6392704402515723,0.5601132490684163,0.522404463615899,0.5273960137706294,0.593765213001841,0.575845513029199,0.6019789647579247,0.5321383647798742,0.6105911949685534,0.6025660377358489,0.6392704402515723,2.1192452830188677,6.356981132075472,9.408301886792453,7.990943396226415,2.0,6.0,8.0,7.0
181,181,30,0.15000000000000002,15,0.8,0.5321383647798742,0.6056855345911949,0.5994842767295597,0.6266289308176101,0.5713817324888018,0.5261476934712742,0.5437567640443592,0.5942509338903972,0.575038748976798,0.5990048752265265,0.5321383647798742,0.6056855345911949,0.5994842767295597,0.6266289308176101,2.1192452830188677,5.98188679245283,9.027924528301886,7.1464150943396225,2.0,6.0,7.0,7.0
182,182,30,0.15000000000000002,20,0.75,0.5321383647798742,0.6112452830188679,0.610930817610063,0.6426037735849057,0.5447585320967848,0.5088791358387291,0.5186475971952419,0.5890830327115069,0.5769135903529516,0.6012850481216844,0.5321383647798742,0.6112452830188679,0.610930817610063,0.6426037735849057,2.1192452830188677,6.790188679245283,10.733584905660377,8.554716981132076,2.0,6.0,9.0,8.0
183,183,30,0.15000000000000002,20,0.8,0.5321383647798742,0.6036981132075472,0.6048301886792452,0.6288930817610063,0.559276080672259,0.5133964121249237,0.5346589993915242,0.5888907690291177,0.5743522631611381,0.5974817209711789,0.5321383647798742,0.6036981132075472,0.6048301886792452,0.6288930817610063,2.1192452830188677,6.283018867924528,10.091320754716982,7.562264150943396,2.0,6.0,8.0,7.0
184,184,30,0.2,5,0.75,0.5321383647798742,0.569874213836478,0.556503144654088,0.5981509433962264,0.6120896480585025,0.6015312526305621,0.602934880680778,0.5839460252438194,0.5715125139795794,0.5997455891577436,0.5321383647798742,0.569874213836478,0.556503144654088,0.5981509433962264,2.1192452830188677,4.895849056603773,4.907924528301887,5.073207547169812,2.0,5.0,4.0,5.0
185,185,30,0.2,5,0.8,0.5321383647798742,0.5681761006289308,0.5560628930817609,0.5998867924528302,0.6260874336292076,0.6025686091372332,0.6158494367115918,0.5874798782956897,0.571564798433585,0.6052076738724174,0.5321383647798742,0.5681761006289308,0.5560628930817609,0.5998867924528302,2.1192452830188677,4.60377358490566,4.878490566037736,4.778867924528302,2.0,4.0,4.0,4.0
186,186,30,0.2,10,0.75,0.5321383647798742,0.5815723270440252,0.576062893081761,0.6130817610062893,0.5965602668655923,0.5669696651136357,0.5729278050863392,0.5865683069845475,0.5730318170923859,0.5996971090329727,0.5321383647798742,0.5815723270440252,0.576062893081761,0.6130817610062893,2.1192452830188677,5.412830188679245,6.78566037735849,6.038490566037736,2.0,5.0,5.0,6.0
187,187,30,0.2,10,0.8,0.5321383647798742,0.5766666666666667,0.5749308176100628,0.6060377358490566,0.6092652874186266,0.5693738985437288,0.5887806413176413,0.5875328735839866,0.5730785112546181,0.6002853710052515,0.5321383647798742,0.5766666666666667,0.5749308176100628,0.6060377358490566,2.1192452830188677,5.064905660377359,6.678490566037736,5.54188679245283,2.0,5.0,5.0,5.0
188,188,30,0.2,15,0.75,0.5321383647798742,0.6015345911949685,0.585685534591195,0.6186163522012579,0.5771990780135271,0.5548093295828228,0.5583847370627082,0.5934227534678214,0.5753934662550709,0.5985391471550746,0.5321383647798742,0.6015345911949685,0.585685534591195,0.6186163522012579,2.1192452830188677,5.786415094339622,7.876981132075472,6.63622641509434,2.0,5.0,6.0,6.0
189,189,30,0.2,15,0.8,0.5321383647798742,0.596377358490566,0.5841761006289308,0.609056603773585,0.590992119712642,0.5572576631192037,0.573612075100588,0.5945822788979246,0.5752032881256884,0.597241760882586,0.5321383647798742,0.596377358490566,0.5841761006289308,0.609056603773585,2.1192452830188677,5.401509433962264,7.687547169811321,5.996981132075471,2.0,5.0,6.0,6.0
190,190,30,0.2,20,0.75,0.5321383647798742,0.6005283018867925,0.5914088050314465,0.6178364779874214,0.567416250846663,0.5382439956404373,0.5518295032786252,0.5894909515400827,0.5736872019011101,0.5958341530844894,0.5321383647798742,0.6005283018867925,0.5914088050314465,0.6178364779874214,2.1192452830188677,6.051320754716981,8.871698113207547,6.809056603773585,2.0,6.0,7.0,6.0
191,191,30,0.2,20,0.8,0.5321383647798742,0.5938616352201257,0.5904025157232704,0.609874213836478,0.5802559916783182,0.5412415872477712,0.5683561493078706,0.5893264207061898,0.5740155395647707,0.5960348589936089,0.5321383647798742,0.5938616352201257,0.5904025157232704,0.609874213836478,2.1192452830188677,5.6611320754716985,8.604528301886793,6.185660377358491,2.0,5.0,7.0,6.0
192,192,30,0.25,5,0.75,0.5321383647798742,0.5627044025157233,0.5542389937106919,0.5933836477987422,0.6288972696656719,0.6092194450447482,0.6166786080945068,0.5847686915657061,0.572565810822044,0.601148634563997,0.5321383647798742,0.5627044025157233,0.5542389937106919,0.5933836477987422,2.1192452830188677,4.542641509433962,4.76377358490566,4.747924528301887,2.0,4.0,4.0,4.0
193,193,30,0.25,5,0.8,0.5321383647798742,0.5610691823899371,0.5537987421383648,0.5839496855345913,0.6373364533338816,0.6096657627180665,0.6269594457229504,0.5864916060379186,0.5724210823315987,0.5982862722640443,0.5321383647798742,0.5610691823899371,0.5537987421383648,0.5839496855345913,2.1192452830188677,4.352452830188679,4.730566037735849,4.489056603773585,2.0,4.0,4.0,4.0
194,194,30,0.25,10,0.75,0.5321383647798742,0.5724528301886792,0.5724150943396227,0.6004150943396226,0.6160960194402847,0.579030418737429,0.5892063903152025,0.5870005599392144,0.5746202024722248,0.5966788596648159,0.5321383647798742,0.5724528301886792,0.5724150943396227,0.6004150943396226,2.1192452830188677,4.830188679245283,6.320754716981132,5.569811320754717,2.0,4.0,5.0,5.0
195,195,30,0.25,10,0.8,0.5321383647798742,0.5693081761006289,0.5716603773584905,0.5946918238993711,0.6228318578433345,0.5807532490705083,0.6035663747782136,0.5871494033481974,0.5746913345958298,0.597650007525652,0.5321383647798742,0.5693081761006289,0.5716603773584905,0.5946918238993711,2.1192452830188677,4.689056603773585,6.2181132075471695,5.110188679245283,2.0,4.0,5.0,5.0
196,196,30,0.25,15,0.75,0.5321383647798742,0.5896477987421384,0.5791446540880503,0.6022389937106919,0.5992648858902071,0.5691352496583875,0.5770329109987608,0.5928534944581613,0.5758081859448293,0.5938369661400481,0.5321383647798742,0.5896477987421384,0.5791446540880503,0.6022389937106919,2.1192452830188677,5.194716981132076,7.138867924528302,5.947924528301887,2.0,5.0,5.0,6.0
197,197,30,0.25,15,0.8,0.5321383647798742,0.5793962264150944,0.5784528301886793,0.5944402515723269,0.6089498974496468,0.5710262282425643,0.5940838937243396,0.5892474500932785,0.575977296206641,0.5943214656229978,0.5321383647798742,0.5793962264150944,0.5784528301886793,0.5944402515723269,2.1192452830188677,4.9954716981132075,6.986415094339622,5.406792452830189,2.0,5.0,5.0,5.0
198,198,30,0.25,20,0.75,0.5321383647798742,0.5889559748427672,0.5814088050314464,0.5990314465408805,0.5903103152577176,0.5572429862354221,0.5710647115042011,0.5894074216477506,0.5733535320994383,0.589709201528654,0.5321383647798742,0.5889559748427672,0.5814088050314464,0.5990314465408805,2.1192452830188677,5.451320754716981,7.773584905660377,6.0460377358490565,2.0,5.0,6.0,6.0
199,199,30,0.25,20,0.8,0.5321383647798742,0.5810314465408805,0.5806540880503144,0.593811320754717,0.6028806820546975,0.560053661051551,0.5885517795827615,0.5883145250454861,0.5737872790507266,0.5920581403640651,0.5321383647798742,0.5810314465408805,0.5806540880503144,0.593811320754717,2.1192452830188677,5.169811320754717,7.565283018867924,5.519245283018868,2.0,5.0,5.0,5.0
200,200,30,0.3,5,0.75,0.5321383647798742,0.56062893081761,0.5537987421383648,0.5763396226415093,0.6363731508630274,0.6141347655744124,0.6235582549529199,0.5858770041660825,0.5739107499503806,0.5920791667453128,0.5321383647798742,0.56062893081761,0.5537987421383648,0.5763396226415093,2.1192452830188677,4.3592452830188675,4.638490566037736,4.558490566037736,2.0,4.0,4.0,4.0
201,201,30,0.3,5,0.8,0.5321383647798742,0.5591194968553459,0.5536100628930818,0.572566037735849,0.6454634727560258,0.6148310144675864,0.6312801460854249,0.5879008221555725,0.57401704675125,0.5921374071857076,0.5321383647798742,0.5591194968553459,0.5536100628930818,0.572566037735849,2.1192452830188677,4.172075471698113,4.60377358490566,4.345660377358491,2.0,4.0,4.0,4.0
202,202,30,0.3,10,0.75,0.5321383647798742,0.5711949685534591,0.5714716981132075,0.584377358490566,0.6305578812063193,0.5881415260815974,0.6007562585423964,0.5909826061044124,0.5770283074360042,0.5898369918411762,0.5321383647798742,0.5711949685534591,0.5714716981132075,0.584377358490566,2.1192452830188677,4.569811320754717,5.998490566037736,5.201509433962264,2.0,4.0,5.0,5.0
203,203,30,0.3,10,0.8,0.5321383647798742,0.5668553459119496,0.5714716981132075,0.5816100628930817,0.6387218177388223,0.590331976207209,0.6170338498066106,0.5908108365209072,0.5777584574778747,0.593417991864258,0.5321383647798742,0.5668553459119496,0.5714716981132075,0.5816100628930817,2.1192452830188677,4.3894339622641505,5.917735849056604,4.764528301886792,2.0,4.0,4.0,4.0
204,204,30,0.3,15,0.75,0.5321383647798742,0.5869433962264151,0.5770691823899371,0.5871446540880504,0.6149292457013905,0.5813145776089094,0.5926373311941844,0.5962720127180736,0.5784843141295944,0.5889755464567618,0.5321383647798742,0.5869433962264151,0.5770691823899371,0.5871446540880504,2.1192452830188677,4.916981132075471,6.52377358490566,5.368301886792453,2.0,5.0,5.0,5.0
205,205,30,0.3,15,0.8,0.5321383647798742,0.5757484276729559,0.5761886792452829,0.5814213836477987,0.6253056017816663,0.5821454749332542,0.6042287060488636,0.5922674857091926,0.5781742778079401,0.5890238244481537,0.5321383647798742,0.5757484276729559,0.5761886792452829,0.5814213836477987,2.1192452830188677,4.679245283018868,6.452075471698113,4.959245283018868,2.0,4.0,5.0,5.0
206,206,30,0.3,20,0.75,0.5321383647798742,0.586880503144654,0.5786415094339623,0.5860754716981132,0.606772468558674,0.5727226919939471,0.585901480390182,0.5935111582826607,0.5766685702872906,0.5860174745954695,0.5321383647798742,0.586880503144654,0.5786415094339623,0.5860754716981132,2.1192452830188677,5.107924528301886,6.935849056603773,5.446037735849057,2.0,5.0,5.0,5.0
207,207,30,0.3,20,0.8,0.5321383647798742,0.576503144654088,0.5775723270440252,0.5799748427672956,0.6214885762115202,0.5746175826920857,0.6044730363926691,0.5914982885065654,0.5765874122600453,0.5881409073090867,0.5321383647798742,0.576503144654088,0.5775723270440252,0.5799748427672956,2.1192452830188677,4.795471698113207,6.8030188679245285,5.003773584905661,2.0,4.0,5.0,5.0
208,208,30,0.35000000000000003,5,0.75,0.5321383647798742,0.5513207547169812,0.5539874213836478,0.571496855345912,0.649483816650384,0.6186243929353473,0.6287252952014734,0.5840417753614487,0.5755330785675477,0.5905730019644325,0.5321383647798742,0.5513207547169812,0.5539874213836478,0.571496855345912,2.1192452830188677,4.042264150943396,4.532075471698113,4.374339622641509,2.0,4.0,4.0,4.0
209,209,30,0.35000000000000003,5,0.8,0.5321383647798742,0.5513207547169812,0.5539874213836478,0.5679748427672956,0.6534720732922292,0.619144718534287,0.6394416073057877,0.5853711942420639,0.5757065204338608,0.5917970976134597,0.5321383647798742,0.5513207547169812,0.5539874213836478,0.5679748427672956,2.1192452830188677,3.9547169811320755,4.498867924528302,4.188679245283019,2.0,4.0,4.0,4.0
210,210,30,0.35000000000000003,10,0.75,0.5321383647798742,0.56062893081761,0.5686415094339623,0.583748427672956,0.644829709920455,0.601580097283345,0.6193845659543691,0.588695857185225,0.5796210387170899,0.595627140433427,0.5321383647798742,0.56062893081761,0.5686415094339623,0.583748427672956,2.1192452830188677,4.2686792452830185,5.428679245283019,4.689811320754717,2.0,4.0,4.0,4.0
211,211,30,0.35000000000000003,10,0.8,0.5321383647798742,0.5600628930817609,0.5683899371069182,0.5762641509433962,0.6484999301514173,0.6024971216029124,0.6318662722434587,0.589541905438313,0.579758998605583,0.5947981913767504,0.5321383647798742,0.5600628930817609,0.5683899371069182,0.5762641509433962,2.1192452830188677,4.190188679245283,5.373584905660377,4.455094339622642,2.0,4.0,4.0,4.0
212,212,30,0.35000000000000003,15,0.75,0.5321383647798742,0.5678867924528302,0.5712201257861634,0.5802264150943396,0.6345478775829896,0.5949277105306792,0.612414564277794,0.5901071541628834,0.5791226540343354,0.590955798155491,0.5321383647798742,0.5678867924528302,0.5712201257861634,0.5802264150943396,2.1192452830188677,4.443018867924528,5.735849056603773,4.817358490566038,2.0,4.0,4.0,5.0
213,213,30,0.35000000000000003,15,0.8,0.5321383647798742,0.5672578616352202,0.5712201257861634,0.5776477987421383,0.6376743758759944,0.595134803332382,0.6236880048997486,0.5907300330488116,0.5791916849682363,0.5929945341280084,0.5321383647798742,0.5672578616352202,0.5712201257861634,0.5776477987421383,2.1192452830188677,4.380377358490566,5.727547169811321,4.526792452830189,2.0,4.0,4.0,4.0
214,214,30,0.35000000000000003,20,0.75,0.5321383647798742,0.5702767295597484,0.5724150943396227,0.5801635220125786,0.6301199945263035,0.58876677425421,0.6091534870580655,0.5902244845486001,0.5778656543111518,0.5898268436944075,0.5321383647798742,0.5702767295597484,0.5724150943396227,0.5801635220125786,2.1192452830188677,4.526792452830189,6.051320754716981,4.827169811320755,2.0,4.0,5.0,5.0
215,215,30,0.35000000000000003,20,0.8,0.5321383647798742,0.5696477987421383,0.5724150943396227,0.5754842767295597,0.6324449412648909,0.5897818833283858,0.6203992014800845,0.5905801795830559,0.5782040240025438,0.590455918313068,0.5321383647798742,0.5696477987421383,0.5724150943396227,0.5754842767295597,2.1192452830188677,4.466415094339623,6.016603773584905,4.6105660377358495,2.0,4.0,5.0,4.0
216,216,30,0.4,5,0.75,0.5321383647798742,0.5469182389937106,0.5487672955974843,0.5633207547169812,0.6543743447091281,0.6223482273942614,0.6367280367110915,0.5827369408988498,0.5732942728630767,0.5877898487150179,0.5321383647798742,0.5469182389937106,0.5487672955974843,0.5633207547169812,2.1192452830188677,3.895849056603774,4.39622641509434,4.192452830188679,2.0,4.0,4.0,4.0
217,217,30,0.4,5,0.8,0.5321383647798742,0.5469182389937106,0.5487672955974843,0.562188679245283,0.6575469224864595,0.6227182177559675,0.6396367252558908,0.583794466824627,0.5734176029836453,0.5880046945821523,0.5321383647798742,0.5469182389937106,0.5487672955974843,0.562188679245283,2.1192452830188677,3.8233962264150945,4.375849056603774,4.052075471698113,2.0,4.0,4.0,4.0
218,218,30,0.4,10,0.75,0.5321383647798742,0.5518867924528302,0.5544276729559748,0.5658364779874214,0.6488266125078271,0.6087545330905668,0.6293256171792131,0.5842000658044958,0.5725366263341721,0.5869995243846854,0.5321383647798742,0.5518867924528302,0.5544276729559748,0.5658364779874214,2.1192452830188677,4.093584905660378,5.120754716981132,4.488301886792453,2.0,4.0,4.0,4.0
219,219,30,0.4,10,0.8,0.5321383647798742,0.5511949685534592,0.5541761006289307,0.5641383647798742,0.6524286119694529,0.6090943366286082,0.6327788269736125,0.5849395163587904,0.57248217929549,0.5870185188444537,0.5321383647798742,0.5511949685534592,0.5541761006289307,0.5641383647798742,2.1192452830188677,4.000754716981132,5.097358490566037,4.2777358490566035,2.0,4.0,4.0,4.0
220,220,30,0.4,15,0.75,0.5321383647798742,0.5600628930817609,0.556188679245283,0.5652704402515724,0.642736648401258,0.6029003844969616,0.6226847467267568,0.5876208115215933,0.5717592476625092,0.5844085424099671,0.5321383647798742,0.5600628930817609,0.556188679245283,0.5652704402515724,2.1192452830188677,4.216603773584906,5.392452830188679,4.573584905660377,2.0,4.0,4.0,4.0
221,221,30,0.4,15,0.8,0.5321383647798742,0.559559748427673,0.556188679245283,0.561874213836478,0.6458402425296372,0.6032700145706286,0.6329016530772766,0.5883199131283278,0.5718824576870648,0.5855500269167442,0.5321383647798742,0.559559748427673,0.556188679245283,0.561874213836478,2.1192452830188677,4.139622641509434,5.36377358490566,4.337358490566038,2.0,4.0,4.0,4.0
222,222,30,0.4,20,0.75,0.5321383647798742,0.5589308176100629,0.5571949685534591,0.5639496855345912,0.6410104127805611,0.5976689568414103,0.6172241556418259,0.5862906826668957,0.5706862979827761,0.5817078422370028,0.5321383647798742,0.5589308176100629,0.5571949685534591,0.5639496855345912,2.1192452830188677,4.285283018867925,5.606792452830189,4.644528301886792,2.0,4.0,4.0,4.0
223,223,30,0.4,20,0.8,0.5321383647798742,0.5586792452830188,0.5565660377358491,0.5597987421383648,0.6431185286522467,0.5992036617034731,0.6278333948261234,0.5868256730727615,0.5707785790583905,0.582476959700951,0.5321383647798742,0.5586792452830188,0.5565660377358491,0.5597987421383648,2.1192452830188677,4.216603773584906,5.532830188679245,4.382641509433962,2.0,4.0,4.0,4.0
224,224,30,0.45,5,0.75,0.5321383647798742,0.5439622641509434,0.5422893081761007,0.5531069182389938,0.6660922462565309,0.6269721177302576,0.6367622309731741,0.5846722581861392,0.5705169113608196,0.5809920224837205,0.5321383647798742,0.5439622641509434,0.5422893081761007,0.5531069182389938,2.1192452830188677,3.690566037735849,4.301132075471698,4.123018867924528,2.0,3.0,4.0,4.0
225,225,30,0.45,5,0.8,0.5321383647798742,0.5439622641509434,0.5422893081761007,0.5517861635220127,0.667236693601872,0.627290005487798,0.6472703374223864,0.5850537406345863,0.5706228739466664,0.5836142214888039,0.5321383647798742,0.5439622641509434,0.5422893081761007,0.5517861635220127,2.1192452830188677,3.6641509433962263,4.286037735849057,3.9011320754716983,2.0,3.0,4.0,4.0
226,226,30,0.45,10,0.75,0.5321383647798742,0.5483647798742137,0.5470691823899371,0.5509056603773584,0.660199648271057,0.6139717388625796,0.6305572814780627,0.5856430693398281,0.5693700345474846,0.5774562007442599,0.5321383647798742,0.5483647798742137,0.5470691823899371,0.5509056603773584,2.1192452830188677,3.832452830188679,4.918490566037736,4.305660377358491,2.0,4.0,4.0,4.0
227,227,30,0.45,10,0.8,0.5321383647798742,0.5483647798742137,0.5468176100628931,0.5534842767295598,0.6607593397329968,0.6143037339484889,0.6374041289758038,0.5858296331604748,0.569312984691425,0.5814575608116411,0.5321383647798742,0.5483647798742137,0.5468176100628931,0.5534842767295598,2.1192452830188677,3.818867924528302,4.8943396226415095,4.152452830188679,2.0,4.0,4.0,4.0
228,228,30,0.45,15,0.75,0.5321383647798742,0.5514465408805032,0.5488301886792453,0.5523522012578617,0.6584926286146905,0.608048848262943,0.626948866166309,0.5871285701252322,0.5685697418738113,0.5772177562273441,0.5321383647798742,0.5514465408805032,0.5488301886792453,0.5523522012578617,2.1192452830188677,3.892075471698113,5.1773584905660375,4.3992452830188675,2.0,4.0,4.0,4.0
229,229,30,0.45,15,0.8,0.5321383647798742,0.5514465408805032,0.5488301886792453,0.5519119496855346,0.6592587559133231,0.6084955813340563,0.6324642908197184,0.587383945891443,0.5687186528975157,0.5787627300635959,0.5321383647798742,0.5514465408805032,0.5488301886792453,0.5519119496855346,2.1192452830188677,3.878490566037736,5.143396226415095,4.21433962264151,2.0,4.0,4.0,4.0
230,230,30,0.45,20,0.75,0.5321383647798742,0.5514465408805032,0.5498364779874214,0.5505283018867925,0.6582714060376589,0.604150504125452,0.623638108500136,0.5870548292662218,0.567941153366765,0.5748982374245736,0.5321383647798742,0.5514465408805032,0.5498364779874214,0.5505283018867925,2.1192452830188677,3.932830188679245,5.327547169811321,4.437735849056604,2.0,4.0,4.0,4.0
231,231,30,0.45,20,0.8,0.5321383647798742,0.5510691823899372,0.5494591194968553,0.5509685534591194,0.6592170555893406,0.6054245533756756,0.6350834503996374,0.587118473456405,0.5681142641231287,0.5790068524392921,0.5321383647798742,0.5510691823899372,0.5494591194968553,0.5509685534591194,2.1192452830188677,3.9147169811320754,5.249811320754717,4.211320754716981,2.0,4.0,4.0,4.0
232,232,30,0.5,5,0.75,0.5321383647798742,0.5403144654088051,0.5416603773584906,0.5491446540880504,0.6779497611377309,0.6313282714101125,0.6393778719351549,0.586192897318447,0.5715496753756979,0.5792223933704186,0.5321383647798742,0.5403144654088051,0.5416603773584906,0.5491446540880504,2.1192452830188677,3.506415094339623,4.1871698113207545,3.9962264150943394,2.0,3.0,4.0,4.0
233,233,30,0.5,5,0.8,0.5321383647798742,0.5403144654088051,0.5416603773584906,0.5477610062893081,0.6790059148980488,0.6315766034056705,0.6483651677969374,0.5865449485718863,0.5716324527075506,0.5812957267918512,0.5321383647798742,0.5403144654088051,0.5416603773584906,0.5477610062893081,2.1192452830188677,3.4822641509433963,4.173584905660378,3.852830188679245,2.0,3.0,4.0,3.0
234,234,30,0.5,10,0.75,0.5321383647798742,0.5432704402515723,0.5446163522012579,0.5488301886792453,0.673649976948757,0.6160905656007661,0.630532893834973,0.5867302858173006,0.568441090001094,0.5760644237311545,0.5321383647798742,0.5432704402515723,0.5446163522012579,0.5488301886792453,2.1192452830188677,3.606792452830189,4.7932075471698115,4.253584905660377,2.0,3.0,4.0,4.0
235,235,30,0.5,10,0.8,0.5321383647798742,0.5432704402515723,0.5446163522012579,0.5475723270440251,0.674034719105493,0.6166051846080377,0.6405694480341765,0.5868585332028792,0.5686126296701844,0.5785713673740757,0.5321383647798742,0.5432704402515723,0.5446163522012579,0.5475723270440251,2.1192452830188677,3.597735849056604,4.767547169811321,4.081509433962264,2.0,3.0,4.0,4.0
236,236,30,0.5,15,0.75,0.5321383647798742,0.5451572327044025,0.5451194968553459,0.5490188679245283,0.675108577786091,0.6114377352505083,0.6308938419545649,0.588474347731632,0.5672255763204,0.5763105259345405,0.5321383647798742,0.5451572327044025,0.5451194968553459,0.5490188679245283,2.1192452830188677,3.6566037735849055,5.001509433962264,4.299622641509434,2.0,3.0,4.0,4.0
237,237,30,0.5,15,0.8,0.5321383647798742,0.5451572327044025,0.5448679245283019,0.5479496855345912,0.6758311435574642,0.6121968646158131,0.6366008382644165,0.5887152029887565,0.5673109045574724,0.5775000697778663,0.5321383647798742,0.5451572327044025,0.5448679245283019,0.5479496855345912,2.1192452830188677,3.6437735849056603,4.956226415094339,4.16,2.0,3.0,4.0,4.0
238,238,30,0.5,20,0.75,0.5321383647798742,0.5451572327044025,0.545245283018868,0.54725786163522,0.6746245071842367,0.6077855341477945,0.6287008962740475,0.5883129908643473,0.5660920333951768,0.5744055398481626,0.5321383647798742,0.5451572327044025,0.545245283018868,0.54725786163522,2.1192452830188677,3.677735849056604,5.0958490566037735,4.333584905660377,2.0,3.0,4.0,4.0
239,239,30,0.5,20,0.8,0.5321383647798742,0.5447798742138366,0.545245283018868,0.546440251572327,0.6751525510082562,0.6087187167245998,0.638287396094027,0.5882374331453097,0.566403094254112,0.5770559664128937,0.5321383647798742,0.5447798742138366,0.545245283018868,0.546440251572327,2.1192452830188677,3.667169811320755,5.044528301886793,4.164528301886793,2.0,3.0,4.0,4.0
